ano,sigla_uf,sigla_uf_nome,id_municipio,id_municipio_nome,rede,ensino,anos_escolares,taxa_aprovacao,indicador_rendimento,nota_saeb_matematica,nota_saeb_lingua_portuguesa,nota_saeb_media_padronizada,ideb,projecao
2021,PB,Paraíba,2513505,Santana de Mangueira,publica,medio,todos (1-4),100.0,1.0,,,,,
2021,PB,Paraíba,2503407,Cacimba de Areia,publica,medio,todos (1-4),100.0,1.0,,,,,
2021,PB,Paraíba,2514305,São José de Caiana,publica,medio,todos (1-4),99.7,0.997319,,,,,
2021,PB,Paraíba,2501534,Baraúna,publica,medio,todos (1-4),97.1,0.97482,,,,,
2021,PB,Paraíba,2508109,Lagoa,publica,medio,todos (1-4),91.4,0.914557,,,,,
2021,PB,Paraíba,2511509,Pilar,publica,medio,todos (1-4),100.0,1.0,,,,,
2021,PB,Paraíba,2516409,Tacima,publica,medio,todos (1-4),92.1,0.921914,,,,,
2021,PB,Paraíba,2502052,Bernardino Batista,publica,medio,todos (1-4),100.0,1.0,,,,,
2021,PB,Paraíba,2504157,Casserengue,estadual,medio,todos (1-4),94.1,0.938868,,,,,
2021,PB,Paraíba,2512747,Riachão,publica,medio,todos (1-4),93.1,0.924041,,,,,
2021,PB,Paraíba,2508802,Malta,estadual,fundamental,finais (6-9),96.7,0.961456,,,,,
2021,PB,Paraíba,2500403,Alagoa Nova,municipal,fundamental,finais (6-9),99.0,0.991202,,,,,
2021,PB,Paraíba,2514503,São José de Piranhas,publica,fundamental,finais (6-9),98.8,0.987705,,,,,
2021,PB,Paraíba,2506004,Esperança,estadual,fundamental,finais (6-9),100.0,1.0,,,,,
2021,PB,Paraíba,2500601,Alhandra,estadual,fundamental,iniciais (1-5),,,,,,,
2021,PB,Paraíba,2514552,São José de Princesa,municipal,fundamental,iniciais (1-5),,,,,,,
2021,PB,Paraíba,2515807,Serra Redonda,estadual,fundamental,iniciais (1-5),,,,,,,
2021,PB,Paraíba,2516003,Solânea,estadual,fundamental,iniciais (1-5),,,,,,,
2021,PB,Paraíba,2504603,Conde,estadual,fundamental,iniciais (1-5),,,,,,,
2021,PB,Paraíba,2516706,Teixeira,publica,medio,todos (1-4),97.7,0.976658,,,,,
2021,PB,Paraíba,2505907,Emas,estadual,medio,todos (1-4),96.4,0.96515,,,,,
2021,PB,Paraíba,2502300,Bom Sucesso,estadual,medio,todos (1-4),100.0,1.0,,,,,
2021,PB,Paraíba,2500908,Arara,estadual,medio,todos (1-4),97.0,0.966823,,,,,
2021,PB,Paraíba,2509206,Massaranduba,publica,medio,todos (1-4),99.0,0.989322,,,,,
2021,PB,Paraíba,2515104,São Sebastião de Lagoa de Roça,municipal,fundamental,finais (6-9),91.4,0.920355,,,,,
2021,PB,Paraíba,2504207,Catingueira,municipal,fundamental,finais (6-9),99.3,0.993371,,,,,
2021,PB,Paraíba,2516102,Soledade,municipal,fundamental,finais (6-9),98.7,0.987532,,,,,
2021,PB,Paraíba,2513158,Santa Cecília,publica,fundamental,finais (6-9),88.2,0.880755,,,,,
2021,PB,Paraíba,2513653,Joca Claudino,estadual,fundamental,finais (6-9),,,,,,,
2021,PB,Paraíba,2511301,Piancó,estadual,fundamental,finais (6-9),97.2,0.975396,,,,,
2021,PB,Paraíba,2500908,Arara,estadual,fundamental,finais (6-9),99.5,0.995181,,,,,
2021,PB,Paraíba,2516409,Tacima,estadual,fundamental,finais (6-9),95.5,0.953446,,,,,
2021,PB,Paraíba,2516151,Sossêgo,estadual,fundamental,iniciais (1-5),,,,,,,
2021,PB,Paraíba,2515203,São Sebastião do Umbuzeiro,estadual,fundamental,iniciais (1-5),,,,,,,
2021,PB,Paraíba,2508604,Lucena,estadual,fundamental,iniciais (1-5),,,,,,,
2021,PB,Paraíba,2505279,Curral de Cima,municipal,fundamental,iniciais (1-5),97.6,0.978621,,,,,
2021,PB,Paraíba,2515302,Sapé,estadual,medio,todos (1-4),98.9,0.988981,,,,,
2021,PB,Paraíba,2507507,João Pessoa,federal,medio,todos (1-4),85.9,0.860442,,,,,
2021,PB,Paraíba,2500502,Alagoinha,estadual,medio,todos (1-4),98.8,0.984348,,,,,
2021,PB,Paraíba,2501807,Bayeux,estadual,medio,todos (1-4),96.4,0.963639,,,,,
2021,PB,Paraíba,2505808,Duas Estradas,publica,medio,todos (1-4),98.2,0.980421,,,,,
2021,PB,Paraíba,2500700,São João do Rio do Peixe,municipal,fundamental,finais (6-9),100.0,1.0,,,,,
2021,PB,Paraíba,2515708,Serra Grande,municipal,fundamental,finais (6-9),95.4,0.953129,,,,,
2021,PB,Paraíba,2510600,Ouro Velho,municipal,fundamental,iniciais (1-5),100.0,1.0,,,,,
2021,PB,Paraíba,2512721,Pedro Régis,publica,fundamental,iniciais (1-5),99.6,0.995165,,,,,
2021,PB,Paraíba,2506400,Gurinhém,estadual,fundamental,iniciais (1-5),,,,,,,
2021,PB,Paraíba,2504355,Caturité,estadual,medio,todos (1-4),100.0,1.0,,,,,
2021,PB,Paraíba,2500304,Alagoa Grande,publica,medio,todos (1-4),99.2,0.941691,,,,,
2021,PB,Paraíba,2507507,João Pessoa,publica,medio,todos (1-4),94.2,0.924392,,,,,
2021,PB,Paraíba,2513703,Santa Rita,estadual,medio,todos (1-4),95.1,0.963954,,,,,
2021,PB,Paraíba,2515302,Sapé,publica,medio,todos (1-4),98.9,0.988981,,,,,
2021,PB,Paraíba,2515401,São Vicente do Seridó,publica,medio,todos (1-4),100.0,1.0,,,,,
2021,PB,Paraíba,2502409,Bonito de Santa Fé,estadual,fundamental,finais (6-9),100.0,1.0,,,,,
2021,PB,Paraíba,2517001,Umbuzeiro,estadual,fundamental,finais (6-9),,,,,,,
2021,PB,Paraíba,2515005,São Miguel de Taipu,estadual,fundamental,iniciais (1-5),,,,,,,
2021,PB,Paraíba,2504033,Capim,estadual,fundamental,iniciais (1-5),,,,,,,
2021,PB,Paraíba,2508802,Malta,publica,fundamental,iniciais (1-5),100.0,1.0,,,,,
2021,PB,Paraíba,2514602,São José do Bonfim,municipal,fundamental,iniciais (1-5),95.8,0.954484,,,,,
2021,PB,Paraíba,2503605,Caiçara,estadual,medio,todos (1-4),98.0,0.979666,,,,,
2021,PB,Paraíba,2504603,Conde,publica,medio,todos (1-4),79.6,0.793852,,,,,
2021,PB,Paraíba,2501609,Barra de Santa Rosa,publica,medio,todos (1-4),95.7,0.957751,,,,,
2021,PB,Paraíba,2508208,Lagoa de Dentro,municipal,fundamental,finais (6-9),99.0,0.988933,,,,,
2021,PB,Paraíba,2510303,Nova Palmeira,municipal,fundamental,finais (6-9),99.3,0.992439,,,,,
2021,PB,Paraíba,2507309,Jacaraú,estadual,fundamental,finais (6-9),100.0,1.0,,,,,
2021,PB,Paraíba,2507200,Itatuba,municipal,fundamental,finais (6-9),97.4,0.972955,,,,,
2021,PB,Paraíba,2515906,Serraria,publica,fundamental,finais (6-9),97.9,0.981046,,,,,
2021,PB,Paraíba,2511707,Pilõezinhos,estadual,fundamental,iniciais (1-5),,,,,,,
2021,PB,Paraíba,2506251,Gado Bravo,estadual,fundamental,iniciais (1-5),,,,,,,
2021,PB,Paraíba,2508406,Lastro,estadual,medio,todos (1-4),100.0,1.0,,,,,
2021,PB,Paraíba,2505279,Curral de Cima,estadual,medio,todos (1-4),100.0,1.0,,,,,
2021,PB,Paraíba,2505709,Dona Inês,estadual,fundamental,finais (6-9),,,,,,,
2021,PB,Paraíba,2511103,Pedra Lavrada,estadual,fundamental,finais (6-9),,,,,,,
2021,PB,Paraíba,2504108,Carrapateira,municipal,fundamental,finais (6-9),96.9,0.969194,,,,,
2021,PB,Paraíba,2507408,Jericó,estadual,fundamental,finais (6-9),100.0,1.0,,,,,
2021,PB,Paraíba,2513802,Santa Teresinha,estadual,fundamental,finais (6-9),88.5,0.881619,,,,,
2021,PB,Paraíba,2508554,Logradouro,estadual,fundamental,finais (6-9),,,,,,,
2021,PB,Paraíba,2512754,Riachão do Bacamarte,estadual,fundamental,finais (6-9),,,,,,,
2021,PB,Paraíba,2501302,Aroeiras,estadual,fundamental,iniciais (1-5),,,,,,,
2021,PB,Paraíba,2515401,São Vicente do Seridó,estadual,fundamental,iniciais (1-5),,,,,,,
2021,PB,Paraíba,2515906,Serraria,estadual,fundamental,iniciais (1-5),100.0,1.0,,,,,
2021,PB,Paraíba,2513802,Santa Teresinha,publica,fundamental,iniciais (1-5),100.0,1.0,,,,,
2021,PB,Paraíba,2503308,Cachoeira dos Índios,estadual,medio,todos (1-4),89.6,0.898624,,,,,
2021,PB,Paraíba,2516904,Uiraúna,publica,medio,todos (1-4),98.9,0.989796,,,,,
2021,PB,Paraíba,2513901,São Bento,estadual,medio,todos (1-4),80.4,0.805704,,,,,
2021,PB,Paraíba,2501005,Araruna,publica,medio,todos (1-4),99.5,0.995289,,,,,
2021,PB,Paraíba,2510105,Nova Floresta,estadual,medio,todos (1-4),98.0,0.983193,,,,,
2021,PB,Paraíba,2512804,Riacho dos Cavalos,estadual,medio,todos (1-4),99.4,0.993927,,,,,
2021,PB,Paraíba,2510709,Passagem,publica,medio,todos (1-4),100.0,1.0,,,,,
2021,PB,Paraíba,2504108,Carrapateira,estadual,fundamental,finais (6-9),,,,,,,
2021,PB,Paraíba,2514404,São José de Espinharas,estadual,fundamental,finais (6-9),100.0,1.0,,,,,
2021,PB,Paraíba,2502151,Boa Vista,estadual,fundamental,finais (6-9),,,,,,,
2021,PB,Paraíba,2503902,Camalaú,estadual,fundamental,finais (6-9),,,,,,,
2021,PB,Paraíba,2503001,Caaporã,estadual,fundamental,iniciais (1-5),,,,,,,
2021,PB,Paraíba,2514453,São José dos Ramos,publica,fundamental,iniciais (1-5),99.8,0.997577,,,,,
2021,PB,Paraíba,2507200,Itatuba,estadual,fundamental,iniciais (1-5),,,,,,,
2021,PB,Paraíba,2500734,Amparo,estadual,fundamental,iniciais (1-5),,,,,,,
2021,PB,Paraíba,2505907,Emas,publica,fundamental,iniciais (1-5),99.6,0.995521,,,,,
2021,PB,Paraíba,2513703,Santa Rita,publica,medio,todos (1-4),94.5,0.958893,,,,,
2021,PB,Paraíba,2501575,Barra de Santana,estadual,medio,todos (1-4),100.0,1.0,,,,,
2021,PB,Paraíba,2517209,Vieirópolis,publica,medio,todos (1-4),100.0,1.0,,,,,
2021,PB,Paraíba,2503308,Cachoeira dos Índios,publica,medio,todos (1-4),89.6,0.898624,,,,,
2021,PB,Paraíba,2502052,Bernardino Batista,estadual,medio,todos (1-4),100.0,1.0,,,,,
2021,PB,Paraíba,2507903,Juripiranga,publica,medio,todos (1-4),100.0,1.0,,,,,
2021,PB,Paraíba,2504504,Condado,municipal,fundamental,finais (6-9),96.8,0.968177,,,,,
2021,PB,Paraíba,2503308,Cachoeira dos Índios,estadual,fundamental,finais (6-9),100.0,1.0,,,,,
2021,PB,Paraíba,2508802,Malta,municipal,fundamental,finais (6-9),99.7,0.996207,,,,,
2021,PB,Paraíba,2513984,São Francisco,estadual,fundamental,finais (6-9),,,,,,,
2021,PB,Paraíba,2506707,Imaculada,estadual,fundamental,finais (6-9),98.7,0.988088,,,,,
2021,PB,Paraíba,2505204,Cuitegi,estadual,fundamental,finais (6-9),,,,,,,
2021,PB,Paraíba,2513901,São Bento,estadual,fundamental,iniciais (1-5),,,,,,,
2021,PB,Paraíba,2506004,Esperança,estadual,fundamental,iniciais (1-5),,,,,,,
2021,PB,Paraíba,2509370,Mato Grosso,publica,fundamental,iniciais (1-5),89.1,0.893598,,,,,
2021,PB,Paraíba,2504157,Casserengue,publica,medio,todos (1-4),94.1,0.938868,,,,,
2021,PB,Paraíba,2504850,Coxixola,publica,medio,todos (1-4),100.0,1.0,,,,,
2021,PB,Paraíba,2506301,Guarabira,publica,medio,todos (1-4),95.4,0.962045,,,,,
2021,PB,Paraíba,2509008,Manaíra,estadual,medio,todos (1-4),100.0,1.0,,,,,
2021,PB,Paraíba,2503753,Cajazeirinhas,estadual,medio,todos (1-4),90.4,0.906129,,,,,
2021,PB,Paraíba,2509057,Marcação,publica,medio,todos (1-4),86.9,0.870147,,,,,
2021,PB,Paraíba,2516003,Solânea,publica,medio,todos (1-4),75.8,0.761948,,,,,
2021,PB,Paraíba,2508505,Livramento,estadual,fundamental,finais (6-9),,,,,,,
2021,PB,Paraíba,2509206,Massaranduba,estadual,fundamental,finais (6-9),100.0,1.0,,,,,
2021,PB,Paraíba,2504504,Condado,estadual,fundamental,finais (6-9),100.0,1.0,,,,,
2021,PB,Paraíba,2508307,Lagoa Seca,estadual,fundamental,finais (6-9),,,,,,,
2021,PB,Paraíba,2514503,São José de Piranhas,estadual,fundamental,finais (6-9),,,,,,,
2021,PB,Paraíba,2514602,São José do Bonfim,publica,fundamental,iniciais (1-5),95.8,0.954484,,,,,
2021,PB,Paraíba,2506301,Guarabira,estadual,fundamental,iniciais (1-5),100.0,1.0,,,,,
2021,PB,Paraíba,2512754,Riachão do Bacamarte,publica,medio,todos (1-4),96.6,0.966079,,,,,
2021,PB,Paraíba,2504405,Conceição,publica,medio,todos (1-4),94.1,0.954191,,,,,
2021,PB,Paraíba,2506400,Gurinhém,publica,medio,todos (1-4),100.0,1.0,,,,,
2021,PB,Paraíba,2502904,Brejo dos Santos,publica,medio,todos (1-4),100.0,1.0,,,,,
2021,PB,Paraíba,2513901,São Bento,publica,medio,todos (1-4),80.4,0.805704,,,,,
2021,PB,Paraíba,2513356,Santa Inês,estadual,medio,todos (1-4),93.8,0.933165,,,,,
2021,PB,Paraíba,2503902,Camalaú,publica,fundamental,finais (6-9),95.4,0.954237,,,,,
2021,PB,Paraíba,2512721,Pedro Régis,municipal,fundamental,finais (6-9),95.0,0.957487,,,,,
2021,PB,Paraíba,2507309,Jacaraú,municipal,fundamental,finais (6-9),92.6,0.932341,,,,,
2021,PB,Paraíba,2505402,Desterro,municipal,fundamental,iniciais (1-5),100.0,1.0,,,,,
2021,PB,Paraíba,2507606,Juarez Távora,estadual,fundamental,iniciais (1-5),,,,,,,
2021,PB,Paraíba,2501005,Araruna,estadual,fundamental,iniciais (1-5),,,,,,,
2021,PB,Paraíba,2516300,Sumé,publica,medio,todos (1-4),100.0,1.0,,,,,
2021,PB,Paraíba,2504850,Coxixola,estadual,medio,todos (1-4),100.0,1.0,,,,,
2021,PB,Paraíba,2515930,Sertãozinho,publica,medio,todos (1-4),97.0,0.970172,,,,,
2021,PB,Paraíba,2507507,João Pessoa,estadual,medio,todos (1-4),94.7,0.948287,,,,,
2021,PB,Paraíba,2507606,Juarez Távora,publica,medio,todos (1-4),91.1,0.922586,,,,,
2021,PB,Paraíba,2511905,Pitimbu,estadual,medio,todos (1-4),92.2,0.921996,,,,,
2021,PB,Paraíba,2501005,Araruna,municipal,fundamental,finais (6-9),90.4,0.902334,,,,,
2021,PB,Paraíba,2516607,Tavares,estadual,fundamental,iniciais (1-5),,,,,,,
2021,PB,Paraíba,2510006,Nazarezinho,estadual,fundamental,iniciais (1-5),100.0,1.0,,,,,
2021,PB,Paraíba,2501203,Areial,estadual,fundamental,iniciais (1-5),,,,,,,
2021,PB,Paraíba,2500700,São João do Rio do Peixe,municipal,fundamental,iniciais (1-5),100.0,1.0,,,,,
2021,PB,Paraíba,2511103,Pedra Lavrada,estadual,fundamental,iniciais (1-5),,,,,,,
2021,PB,Paraíba,2510600,Ouro Velho,publica,fundamental,iniciais (1-5),100.0,1.0,,,,,
2021,PB,Paraíba,2511004,Pedra Branca,estadual,fundamental,iniciais (1-5),,,,,,,
2021,PB,Paraíba,2502607,Igaracy,publica,medio,todos (1-4),95.7,0.956606,,,,,
2021,PB,Paraíba,2504306,Catolé do Rocha,federal,medio,todos (1-4),97.0,0.97589,,,,,
2021,PB,Paraíba,2506202,Frei Martinho,publica,medio,todos (1-4),95.3,0.960047,,,,,
2021,PB,Paraíba,2516755,Tenório,publica,medio,todos (1-4),100.0,1.0,,,,,
2021,PB,Paraíba,2514453,São José dos Ramos,estadual,medio,todos (1-4),100.0,1.0,,,,,
2021,PB,Paraíba,2504355,Caturité,publica,medio,todos (1-4),100.0,1.0,,,,,
2021,PB,Paraíba,2514909,São Mamede,publica,medio,todos (1-4),100.0,1.0,,,,,
2021,PB,Paraíba,2516151,Sossêgo,publica,medio,todos (1-4),96.2,0.965448,,,,,
2021,PB,Paraíba,2511905,Pitimbu,publica,medio,todos (1-4),92.2,0.921996,,,,,
2021,PB,Paraíba,2509602,Monte Horebe,estadual,fundamental,finais (6-9),,,,,,,
2021,PB,Paraíba,2513158,Santa Cecília,estadual,fundamental,finais (6-9),,,,,,,
2021,PB,Paraíba,2501153,Areia de Baraúnas,publica,fundamental,finais (6-9),95.5,0.959431,,,,,
2021,PB,Paraíba,2509909,Natuba,estadual,fundamental,finais (6-9),100.0,1.0,,,,,
2021,PB,Paraíba,2509305,Mataraca,estadual,fundamental,finais (6-9),100.0,1.0,,,,,
2021,PB,Paraíba,2500536,Alcantil,publica,fundamental,finais (6-9),92.3,0.922625,,,,,
2021,PB,Paraíba,2509602,Monte Horebe,estadual,fundamental,iniciais (1-5),,,,,,,
2021,PB,Paraíba,2503506,Cacimba de Dentro,estadual,fundamental,iniciais (1-5),,,,,,,
2021,PB,Paraíba,2514008,São João do Cariri,estadual,fundamental,iniciais (1-5),,,,,,,
2021,PB,Paraíba,2502409,Bonito de Santa Fé,estadual,fundamental,iniciais (1-5),,,,,,,
2021,PB,Paraíba,2512200,Prata,municipal,fundamental,iniciais (1-5),92.9,0.921053,,,,,
2021,PB,Paraíba,2513406,Santa Luzia,federal,medio,todos (1-4),87.9,0.867448,,,,,
2021,PB,Paraíba,2508406,Lastro,publica,medio,todos (1-4),100.0,1.0,,,,,
2021,PB,Paraíba,2501609,Barra de Santa Rosa,estadual,medio,todos (1-4),95.7,0.957751,,,,,
2021,PB,Paraíba,2513851,Santo André,estadual,fundamental,finais (6-9),,,,,,,
2021,PB,Paraíba,2513000,Salgadinho,municipal,fundamental,finais (6-9),96.2,0.963485,,,,,
2021,PB,Paraíba,2516102,Soledade,estadual,fundamental,finais (6-9),,,,,,,
2021,PB,Paraíba,2511905,Pitimbu,municipal,fundamental,finais (6-9),96.2,0.96141,,,,,
2021,PB,Paraíba,2516805,Triunfo,estadual,fundamental,iniciais (1-5),,,,,,,
2021,PB,Paraíba,2505907,Emas,municipal,fundamental,iniciais (1-5),99.6,0.995521,,,,,
2021,PB,Paraíba,2501401,Baía da Traição,publica,fundamental,iniciais (1-5),91.7,0.920213,,,,,
2021,PB,Paraíba,2505279,Curral de Cima,publica,fundamental,iniciais (1-5),97.6,0.978621,,,,,
2021,PB,Paraíba,2503803,Caldas Brandão,estadual,fundamental,iniciais (1-5),,,,,,,
2021,PB,Paraíba,2505303,Curral Velho,estadual,fundamental,iniciais (1-5),,,,,,,
2021,PB,Paraíba,2501401,Baía da Traição,estadual,fundamental,iniciais (1-5),,,,,,,
2021,PB,Paraíba,2504207,Catingueira,estadual,medio,todos (1-4),99.3,0.993243,,,,,
2021,PB,Paraíba,2502409,Bonito de Santa Fé,publica,medio,todos (1-4),100.0,1.0,,,,,
2021,PB,Paraíba,2510501,Olivedos,publica,medio,todos (1-4),100.0,1.0,,,,,
2021,PB,Paraíba,2514701,São José do Sabugi,estadual,medio,todos (1-4),95.5,0.955123,,,,,
2021,PB,Paraíba,2510402,Olho d'Água,estadual,medio,todos (1-4),97.6,0.977744,,,,,
2021,PB,Paraíba,2505303,Curral Velho,estadual,medio,todos (1-4),100.0,1.0,,,,,
2021,PB,Paraíba,2506608,Ibiara,estadual,medio,todos (1-4),97.6,0.979348,,,,,
2021,PB,Paraíba,2509396,Maturéia,publica,medio,todos (1-4),83.1,0.831973,,,,,
2021,PB,Paraíba,2512606,Quixabá,publica,medio,todos (1-4),96.7,0.96595,,,,,
2021,PB,Paraíba,2503605,Caiçara,estadual,fundamental,finais (6-9),100.0,1.0,,,,,
2021,PB,Paraíba,2514305,São José de Caiana,estadual,fundamental,finais (6-9),100.0,1.0,,,,,
2021,PB,Paraíba,2501609,Barra de Santa Rosa,publica,fundamental,finais (6-9),96.7,0.967758,,,,,
2021,PB,Paraíba,2512036,Poço Dantas,municipal,fundamental,finais (6-9),73.4,0.7424,,,,,
2021,PB,Paraíba,2501351,Assunção,estadual,fundamental,finais (6-9),,,,,,,
2021,PB,Paraíba,2511400,Picuí,estadual,fundamental,finais (6-9),100.0,1.0,,,,,
2021,PB,Paraíba,2509107,Mari,municipal,fundamental,finais (6-9),86.1,0.86287,,,,,
2021,PB,Paraíba,2513356,Santa Inês,estadual,fundamental,finais (6-9),,,,,,,
2021,PB,Paraíba,2517001,Umbuzeiro,estadual,fundamental,iniciais (1-5),,,,,,,
2021,PB,Paraíba,2514909,São Mamede,estadual,fundamental,iniciais (1-5),,,,,,,
2021,PB,Paraíba,2502300,Bom Sucesso,estadual,fundamental,iniciais (1-5),,,,,,,
2021,PB,Paraíba,2510303,Nova Palmeira,estadual,fundamental,iniciais (1-5),,,,,,,
2021,PB,Paraíba,2513109,Salgado de São Félix,publica,fundamental,iniciais (1-5),99.1,0.992042,,,,,
2021,PB,Paraíba,2500601,Alhandra,publica,medio,todos (1-4),91.5,0.912725,,,,,
2021,PB,Paraíba,2500734,Amparo,estadual,medio,todos (1-4),98.5,0.985597,,,,,
2021,PB,Paraíba,2500403,Alagoa Nova,publica,medio,todos (1-4),92.4,0.92242,,,,,
2021,PB,Paraíba,2509701,Monteiro,federal,medio,todos (1-4),87.7,0.876055,,,,,
2021,PB,Paraíba,2502706,Borborema,publica,medio,todos (1-4),96.7,0.967825,,,,,
2021,PB,Paraíba,2505808,Duas Estradas,estadual,medio,todos (1-4),98.2,0.980421,,,,,
2021,PB,Paraíba,2506103,Fagundes,estadual,fundamental,finais (6-9),100.0,1.0,,,,,
2021,PB,Paraíba,2513968,São Domingos,estadual,fundamental,finais (6-9),,,,,,,
2021,PB,Paraíba,2515401,São Vicente do Seridó,estadual,fundamental,finais (6-9),100.0,1.0,,,,,
2021,PB,Paraíba,2504850,Coxixola,publica,fundamental,finais (6-9),100.0,1.0,,,,,
2021,PB,Paraíba,2505303,Curral Velho,estadual,fundamental,finais (6-9),,,,,,,
2021,PB,Paraíba,2500809,Araçagi,estadual,fundamental,iniciais (1-5),,,,,,,
2021,PB,Paraíba,2503407,Cacimba de Areia,publica,fundamental,iniciais (1-5),99.6,0.99469,,,,,
2021,PB,Paraíba,2516508,Taperoá,estadual,fundamental,iniciais (1-5),,,,,,,
2021,PB,Paraíba,2512705,Remígio,estadual,fundamental,iniciais (1-5),,,,,,,
2021,PB,Paraíba,2511608,Pilões,publica,medio,todos (1-4),99.7,0.996982,,,,,
2021,PB,Paraíba,2510402,Olho d'Água,publica,medio,todos (1-4),97.6,0.977744,,,,,
2021,PB,Paraíba,2506806,Ingá,publica,medio,todos (1-4),100.0,1.0,,,,,
2021,PB,Paraíba,2507903,Juripiranga,estadual,medio,todos (1-4),100.0,1.0,,,,,
2021,PB,Paraíba,2502102,Boa Ventura,estadual,fundamental,finais (6-9),100.0,1.0,,,,,
2021,PB,Paraíba,2516300,Sumé,estadual,fundamental,finais (6-9),,,,,,,
2021,PB,Paraíba,2502706,Borborema,estadual,fundamental,iniciais (1-5),,,,,,,
2021,PB,Paraíba,2510907,Paulista,estadual,medio,todos (1-4),99.0,0.990939,,,,,
2021,PB,Paraíba,2513604,Santana dos Garrotes,estadual,medio,todos (1-4),100.0,1.0,,,,,
2021,PB,Paraíba,2505303,Curral Velho,publica,medio,todos (1-4),100.0,1.0,,,,,
2021,PB,Paraíba,2517100,Várzea,estadual,medio,todos (1-4),,,,,,,
2021,PB,Paraíba,2511608,Pilões,estadual,medio,todos (1-4),99.7,0.996982,,,,,
2021,PB,Paraíba,2505501,Vista Serrana,publica,medio,todos (1-4),99.1,0.985597,,,,,
2021,PB,Paraíba,2509370,Mato Grosso,publica,medio,todos (1-4),,,,,,,
2021,PB,Paraíba,2511806,Pirpirituba,municipal,fundamental,finais (6-9),94.1,0.935811,,,,,
2021,PB,Paraíba,2504108,Carrapateira,publica,fundamental,finais (6-9),96.9,0.969194,,,,,
2021,PB,Paraíba,2501203,Areial,estadual,fundamental,finais (6-9),,,,,,,
2021,PB,Paraíba,2505907,Emas,estadual,fundamental,finais (6-9),,,,,,,
2021,PB,Paraíba,2501401,Baía da Traição,estadual,fundamental,finais (6-9),92.2,0.916526,,,,,
2021,PB,Paraíba,2508109,Lagoa,estadual,fundamental,iniciais (1-5),,,,,,,
2021,PB,Paraíba,2505709,Dona Inês,estadual,fundamental,iniciais (1-5),,,,,,,
2021,PB,Paraíba,2515708,Serra Grande,estadual,fundamental,iniciais (1-5),,,,,,,
2021,PB,Paraíba,2512762,Riachão do Poço,municipal,fundamental,iniciais (1-5),98.3,0.984811,,,,,
2021,PB,Paraíba,2502805,Brejo do Cruz,estadual,fundamental,iniciais (1-5),,,,,,,
2021,PB,Paraíba,2512606,Quixabá,estadual,medio,todos (1-4),96.7,0.96595,,,,,
2021,PB,Paraíba,2500536,Alcantil,publica,medio,todos (1-4),94.2,0.949754,,,,,
2021,PB,Paraíba,2504504,Condado,estadual,medio,todos (1-4),100.0,1.0,,,,,
2021,PB,Paraíba,2513802,Santa Teresinha,publica,medio,todos (1-4),96.8,0.972203,,,,,
2021,PB,Paraíba,2500205,Aguiar,publica,medio,todos (1-4),98.7,0.989449,,,,,
2021,PB,Paraíba,2512721,Pedro Régis,estadual,medio,todos (1-4),100.0,1.0,,,,,
2021,PB,Paraíba,2509305,Mataraca,estadual,medio,todos (1-4),92.2,0.92401200000000006,,,,,
2021,PB,Paraíba,2509008,Manaíra,publica,medio,todos (1-4),100.0,1.0,,,,,
2021,PB,Paraíba,2506251,Gado Bravo,estadual,medio,todos (1-4),100.0,1.0,,,,,
2021,PB,Paraíba,2512036,Poço Dantas,estadual,medio,todos (1-4),95.2,0.957823,,,,,
2021,PB,Paraíba,2514206,São José da Lagoa Tapada,estadual,fundamental,finais (6-9),100.0,1.0,,,,,
2021,PB,Paraíba,2510204,Nova Olinda,municipal,fundamental,finais (6-9),100.0,1.0,,,,,
2021,PB,Paraíba,2500536,Alcantil,estadual,fundamental,finais (6-9),,,,,,,
2021,PB,Paraíba,2507606,Juarez Távora,municipal,fundamental,finais (6-9),89.2,0.894939,,,,,
2021,PB,Paraíba,2506103,Fagundes,municipal,fundamental,finais (6-9),87.5,0.873108,,,,,
2021,PB,Paraíba,2503753,Cajazeirinhas,estadual,fundamental,finais (6-9),,,,,,,
2021,PB,Paraíba,2507507,João Pessoa,federal,fundamental,iniciais (1-5),100.0,1.0,,,,,
2021,PB,Paraíba,2510600,Ouro Velho,estadual,fundamental,iniciais (1-5),,,,,,,
2021,PB,Paraíba,2504504,Condado,estadual,fundamental,iniciais (1-5),,,,,,,
2021,PB,Paraíba,2510907,Paulista,publica,fundamental,iniciais (1-5),98.9,0.989684,,,,,
2021,PB,Paraíba,2516706,Teixeira,estadual,fundamental,iniciais (1-5),,,,,,,
2021,PB,Paraíba,2512804,Riacho dos Cavalos,estadual,fundamental,iniciais (1-5),,,,,,,
2021,PB,Paraíba,2511608,Pilões,estadual,fundamental,iniciais (1-5),,,,,,,
2021,PB,Paraíba,2502201,Bom Jesus,estadual,medio,todos (1-4),72.4,0.737632,,,,,
2021,PB,Paraíba,2510808,Patos,federal,medio,todos (1-4),90.4,0.90528,,,,,
2021,PB,Paraíba,2511400,Picuí,federal,medio,todos (1-4),85.7,0.860174,,,,,
2021,PB,Paraíba,2509909,Natuba,publica,medio,todos (1-4),97.9,0.978805,,,,,
2021,PB,Paraíba,2503753,Cajazeirinhas,publica,medio,todos (1-4),90.4,0.906129,,,,,
2021,PB,Paraíba,2516409,Tacima,estadual,medio,todos (1-4),92.1,0.921914,,,,,
2021,PB,Paraíba,2512036,Poço Dantas,publica,medio,todos (1-4),95.2,0.957823,,,,,
2021,PB,Paraíba,2503555,Cacimbas,estadual,fundamental,finais (6-9),,,,,,,
2021,PB,Paraíba,2504207,Catingueira,publica,fundamental,finais (6-9),99.3,0.993371,,,,,
2021,PB,Paraíba,2515906,Serraria,municipal,fundamental,finais (6-9),,,,,,,
2021,PB,Paraíba,2502706,Borborema,estadual,fundamental,finais (6-9),,,,,,,
2021,PB,Paraíba,2506103,Fagundes,municipal,fundamental,iniciais (1-5),92.0,0.919137,,,,,
2021,PB,Paraíba,2512721,Pedro Régis,municipal,fundamental,iniciais (1-5),99.6,0.995165,,,,,
2021,PB,Paraíba,2503407,Cacimba de Areia,municipal,fundamental,iniciais (1-5),99.6,0.99469,,,,,
2021,PB,Paraíba,2509305,Mataraca,estadual,fundamental,iniciais (1-5),,,,,,,
2021,PB,Paraíba,2501351,Assunção,estadual,fundamental,iniciais (1-5),,,,,,,
2021,PB,Paraíba,2505238,Cuité de Mamanguape,estadual,medio,todos (1-4),98.7,0.990143,,,,,
2021,PB,Paraíba,2514701,São José do Sabugi,publica,medio,todos (1-4),95.5,0.955123,,,,,
2021,PB,Paraíba,2512762,Riachão do Poço,estadual,medio,todos (1-4),99.5,0.996306,,,,,
2021,PB,Paraíba,2503704,Cajazeiras,federal,medio,todos (1-4),95.3,0.954446,,,,,
2021,PB,Paraíba,2513356,Santa Inês,publica,medio,todos (1-4),93.8,0.933165,,,,,
2021,PB,Paraíba,2509057,Marcação,estadual,medio,todos (1-4),86.9,0.870147,,,,,
2021,PB,Paraíba,2515930,Sertãozinho,estadual,medio,todos (1-4),97.0,0.970172,,,,,
2021,PB,Paraíba,2506509,Gurjão,municipal,fundamental,finais (6-9),100.0,1.0,,,,,
2021,PB,Paraíba,2513851,Santo André,publica,fundamental,iniciais (1-5),99.5,0.996141,,,,,
2021,PB,Paraíba,2507705,Juazeirinho,estadual,fundamental,iniciais (1-5),,,,,,,
2021,PB,Paraíba,2511301,Piancó,estadual,medio,todos (1-4),95.4,0.954715,,,,,
2021,PB,Paraíba,2514008,São João do Cariri,municipal,fundamental,finais (6-9),98.8,0.99075,,,,,
2021,PB,Paraíba,2514107,São João do Tigre,estadual,fundamental,finais (6-9),,,,,,,
2021,PB,Paraíba,2512036,Poço Dantas,estadual,fundamental,finais (6-9),,,,,,,
2021,PB,Paraíba,2504207,Catingueira,estadual,fundamental,iniciais (1-5),,,,,,,
2021,PB,Paraíba,2514107,São João do Tigre,publica,medio,todos (1-4),100.0,1.0,,,,,
2021,PB,Paraíba,2512077,Poço de José de Moura,estadual,medio,todos (1-4),100.0,1.0,,,,,
2021,PB,Paraíba,2514404,São José de Espinharas,estadual,medio,todos (1-4),100.0,1.0,,,,,
2021,PB,Paraíba,2514503,São José de Piranhas,estadual,medio,todos (1-4),86.7,0.901416,,,,,
2021,PB,Paraíba,2516755,Tenório,estadual,medio,todos (1-4),100.0,1.0,,,,,
2021,PB,Paraíba,2501203,Areial,estadual,medio,todos (1-4),95.0,0.952792,,,,,
2021,PB,Paraíba,2506301,Guarabira,federal,medio,todos (1-4),91.4,0.921811,,,,,
2021,PB,Paraíba,2512788,Riacho de Santo Antônio,estadual,medio,todos (1-4),,,,,,,
2021,PB,Paraíba,2501500,Bananeiras,publica,medio,todos (1-4),88.9,0.905468,,,,,
2021,PB,Paraíba,2515807,Serra Redonda,estadual,medio,todos (1-4),99.6,0.996306,,,,,
2021,PB,Paraíba,2516102,Soledade,publica,fundamental,finais (6-9),98.7,0.987532,,,,,
2021,PB,Paraíba,2516003,Solânea,municipal,fundamental,finais (6-9),99.2,0.99197,,,,,
2021,PB,Paraíba,2504355,Caturité,estadual,fundamental,finais (6-9),,,,,,,
2021,PB,Paraíba,2506806,Ingá,estadual,fundamental,finais (6-9),94.7,0.956726,,,,,
2021,PB,Paraíba,2507606,Juarez Távora,estadual,fundamental,finais (6-9),,,,,,,
2021,PB,Paraíba,2506103,Fagundes,estadual,fundamental,iniciais (1-5),,,,,,,
2021,PB,Paraíba,2516300,Sumé,estadual,fundamental,iniciais (1-5),,,,,,,
2021,PB,Paraíba,2503308,Cachoeira dos Índios,municipal,fundamental,iniciais (1-5),99.3,0.993946,,,,,
2021,PB,Paraíba,2506509,Gurjão,estadual,fundamental,iniciais (1-5),,,,,,,
2021,PB,Paraíba,2507101,Itapororoca,estadual,fundamental,iniciais (1-5),,,,,,,
2021,PB,Paraíba,2502102,Boa Ventura,estadual,medio,todos (1-4),100.0,1.0,,,,,
2021,PB,Paraíba,2502904,Brejo dos Santos,estadual,medio,todos (1-4),100.0,1.0,,,,,
2021,PB,Paraíba,2506400,Gurinhém,estadual,fundamental,finais (6-9),100.0,1.0,,,,,
2021,PB,Paraíba,2503902,Camalaú,municipal,fundamental,finais (6-9),95.4,0.954237,,,,,
2021,PB,Paraíba,2504306,Catolé do Rocha,estadual,fundamental,finais (6-9),100.0,1.0,,,,,
2021,PB,Paraíba,2514305,São José de Caiana,municipal,fundamental,finais (6-9),91.7,0.924612,,,,,
2021,PB,Paraíba,2515971,Sobrado,estadual,fundamental,finais (6-9),,,,,,,
2021,PB,Paraíba,2501153,Areia de Baraúnas,municipal,fundamental,iniciais (1-5),,,,,,,
2021,PB,Paraíba,2504900,Cruz do Espírito Santo,estadual,fundamental,iniciais (1-5),,,,,,,
2021,PB,Paraíba,2506202,Frei Martinho,municipal,fundamental,finais (6-9),100.0,1.0,,,,,
2021,PB,Paraíba,2500809,Araçagi,estadual,fundamental,finais (6-9),100.0,1.0,,,,,
2021,PB,Paraíba,2508703,Mãe d'Água,estadual,fundamental,finais (6-9),,,,,,,
2021,PB,Paraíba,2503209,Cabedelo,estadual,fundamental,finais (6-9),98.3,0.983599,,,,,
2021,PB,Paraíba,2512002,Pocinhos,estadual,fundamental,iniciais (1-5),,,,,,,
2021,PB,Paraíba,2512408,Puxinanã,publica,fundamental,iniciais (1-5),99.6,0.995986,,,,,
2021,PB,Paraíba,2503209,Cabedelo,federal,medio,todos (1-4),85.3,0.851383,,,,,
2021,PB,Paraíba,2513505,Santana de Mangueira,estadual,medio,todos (1-4),100.0,1.0,,,,,
2021,PB,Paraíba,2508307,Lagoa Seca,estadual,medio,todos (1-4),100.0,1.0,,,,,
2021,PB,Paraíba,2513000,Salgadinho,publica,medio,todos (1-4),93.8,0.942911,,,,,
2021,PB,Paraíba,2517100,Várzea,publica,medio,todos (1-4),,,,,,,
2021,PB,Paraíba,2514404,São José de Espinharas,publica,medio,todos (1-4),100.0,1.0,,,,,
2021,PB,Paraíba,2504074,Caraúbas,publica,medio,todos (1-4),100.0,1.0,,,,,
2021,PB,Paraíba,2508604,Lucena,estadual,fundamental,finais (6-9),,,,,,,
2021,PB,Paraíba,2505808,Duas Estradas,estadual,fundamental,finais (6-9),,,,,,,
2021,PB,Paraíba,2516706,Teixeira,estadual,fundamental,finais (6-9),91.8,0.920905,,,,,
2021,PB,Paraíba,2508307,Lagoa Seca,publica,fundamental,finais (6-9),99.9,0.998997,,,,,
2021,PB,Paraíba,2508109,Lagoa,municipal,fundamental,finais (6-9),94.6,0.949943,,,,,
2021,PB,Paraíba,2506509,Gurjão,estadual,fundamental,finais (6-9),,,,,,,
2021,PB,Paraíba,2517100,Várzea,estadual,fundamental,finais (6-9),,,,,,,
2021,PB,Paraíba,2505402,Desterro,municipal,fundamental,finais (6-9),97.2,0.969675,,,,,
2021,PB,Paraíba,2510303,Nova Palmeira,estadual,fundamental,finais (6-9),,,,,,,
2021,PB,Paraíba,2504850,Coxixola,estadual,fundamental,finais (6-9),100.0,1.0,,,,,
2021,PB,Paraíba,2510907,Paulista,estadual,fundamental,iniciais (1-5),,,,,,,
2021,PB,Paraíba,2505501,Vista Serrana,municipal,fundamental,iniciais (1-5),,,,,,,
2021,PB,Paraíba,2514552,São José de Princesa,publica,fundamental,iniciais (1-5),,,,,,,
2021,PB,Paraíba,2513927,São Bentinho,estadual,fundamental,iniciais (1-5),,,,,,,
2021,PB,Paraíba,2506707,Imaculada,estadual,fundamental,iniciais (1-5),97.0,0.973931,,,,,
2021,PB,Paraíba,2512762,Riachão do Poço,publica,fundamental,iniciais (1-5),98.3,0.984811,,,,,
2021,PB,Paraíba,2504207,Catingueira,publica,fundamental,iniciais (1-5),100.0,1.0,,,,,
2021,PB,Paraíba,2514800,São José dos Cordeiros,estadual,fundamental,iniciais (1-5),,,,,,,
2021,PB,Paraíba,2515807,Serra Redonda,publica,medio,todos (1-4),99.6,0.996306,,,,,
2021,PB,Paraíba,2501708,Barra de São Miguel,publica,medio,todos (1-4),93.9,0.934807,,,,,
2021,PB,Paraíba,2510907,Paulista,estadual,fundamental,finais (6-9),,,,,,,
2021,PB,Paraíba,2504207,Catingueira,estadual,fundamental,finais (6-9),,,,,,,
2021,PB,Paraíba,2514453,São José dos Ramos,municipal,fundamental,finais (6-9),98.9,0.987791,,,,,
2021,PB,Paraíba,2511608,Pilões,estadual,fundamental,finais (6-9),94.2,0.942322,,,,,
2021,PB,Paraíba,2503407,Cacimba de Areia,publica,fundamental,finais (6-9),94.8,0.948897,,,,,
2021,PB,Paraíba,2514453,São José dos Ramos,estadual,fundamental,iniciais (1-5),,,,,,,
2021,PB,Paraíba,2501906,Belém,estadual,fundamental,iniciais (1-5),,,,,,,
2021,PB,Paraíba,2514552,São José de Princesa,estadual,fundamental,iniciais (1-5),,,,,,,
2021,PB,Paraíba,2514651,São José do Brejo do Cruz,publica,medio,todos (1-4),100.0,1.0,,,,,
2021,PB,Paraíba,2501153,Areia de Baraúnas,publica,medio,todos (1-4),100.0,1.0,,,,,
2021,PB,Paraíba,2509206,Massaranduba,estadual,medio,todos (1-4),99.0,0.989322,,,,,
2021,PB,Paraíba,2502409,Bonito de Santa Fé,estadual,medio,todos (1-4),100.0,1.0,,,,,
2021,PB,Paraíba,2516805,Triunfo,estadual,fundamental,finais (6-9),100.0,1.0,,,,,
2021,PB,Paraíba,2516706,Teixeira,municipal,fundamental,finais (6-9),95.2,0.952904,,,,,
2021,PB,Paraíba,2509107,Mari,estadual,fundamental,finais (6-9),99.9,0.998493,,,,,
2021,PB,Paraíba,2504355,Caturité,municipal,fundamental,iniciais (1-5),98.4,0.985459,,,,,
2021,PB,Paraíba,2502102,Boa Ventura,estadual,fundamental,iniciais (1-5),,,,,,,
2021,PB,Paraíba,2504074,Caraúbas,publica,fundamental,iniciais (1-5),95.3,0.953814,,,,,
2021,PB,Paraíba,2513109,Salgado de São Félix,estadual,fundamental,iniciais (1-5),,,,,,,
2021,PB,Paraíba,2501153,Areia de Baraúnas,estadual,fundamental,iniciais (1-5),,,,,,,
2021,PB,Paraíba,2505501,Vista Serrana,publica,fundamental,iniciais (1-5),,,,,,,
2021,PB,Paraíba,2513000,Salgadinho,publica,fundamental,iniciais (1-5),100.0,1.0,,,,,
2021,PB,Paraíba,2509206,Massaranduba,estadual,fundamental,iniciais (1-5),,,,,,,
2021,PB,Paraíba,2514453,São José dos Ramos,municipal,fundamental,iniciais (1-5),99.8,0.997577,,,,,
2021,PB,Paraíba,2509800,Mulungu,municipal,fundamental,iniciais (1-5),100.0,1.0,,,,,
2021,PB,Paraíba,2506608,Ibiara,publica,medio,todos (1-4),97.6,0.979348,,,,,
2021,PB,Paraíba,2500502,Alagoinha,publica,medio,todos (1-4),98.8,0.984348,,,,,
2021,PB,Paraíba,2503704,Cajazeiras,estadual,medio,todos (1-4),99.0,0.990593,,,,,
2021,PB,Paraíba,2507606,Juarez Távora,estadual,medio,todos (1-4),91.1,0.922586,,,,,
2021,PB,Paraíba,2503209,Cabedelo,publica,medio,todos (1-4),94.9,0.948262,,,,,
2021,PB,Paraíba,2500809,Araçagi,publica,medio,todos (1-4),99.2,0.956016,,,,,
2021,PB,Paraíba,2511707,Pilõezinhos,estadual,fundamental,finais (6-9),,,,,,,
2021,PB,Paraíba,2504603,Conde,estadual,fundamental,finais (6-9),100.0,1.0,,,,,
2021,PB,Paraíba,2506400,Gurinhém,municipal,fundamental,finais (6-9),97.8,0.976326,,,,,
2021,PB,Paraíba,2515302,Sapé,estadual,fundamental,iniciais (1-5),,,,,,,
2021,PB,Paraíba,2512200,Prata,publica,fundamental,iniciais (1-5),89.3,0.886448,,,,,
2021,PB,Paraíba,2504108,Carrapateira,estadual,fundamental,iniciais (1-5),,,,,,,
2021,PB,Paraíba,2512200,Prata,publica,medio,todos (1-4),95.5,0.96082,,,,,
2021,PB,Paraíba,2506103,Fagundes,estadual,medio,todos (1-4),90.9,0.906971,,,,,
2021,PB,Paraíba,2510105,Nova Floresta,publica,medio,todos (1-4),98.0,0.983193,,,,,
2021,PB,Paraíba,2515401,São Vicente do Seridó,estadual,medio,todos (1-4),100.0,1.0,,,,,
2021,PB,Paraíba,2504108,Carrapateira,publica,medio,todos (1-4),96.9,0.968462,,,,,
2021,PB,Paraíba,2516003,Solânea,estadual,medio,todos (1-4),75.8,0.761948,,,,,
2021,PB,Paraíba,2508802,Malta,estadual,medio,todos (1-4),93.4,0.931322,,,,,
2021,PB,Paraíba,2506400,Gurinhém,estadual,medio,todos (1-4),100.0,1.0,,,,,
2021,PB,Paraíba,2515971,Sobrado,estadual,medio,todos (1-4),95.8,0.960289,,,,,
2021,PB,Paraíba,2512804,Riacho dos Cavalos,publica,medio,todos (1-4),99.4,0.993927,,,,,
2021,PB,Paraíba,2515203,São Sebastião do Umbuzeiro,estadual,fundamental,finais (6-9),,,,,,,
2021,PB,Paraíba,2516904,Uiraúna,estadual,fundamental,finais (6-9),98.8,0.988619,,,,,
2021,PB,Paraíba,2502607,Igaracy,municipal,fundamental,iniciais (1-5),99.7,0.997577,,,,,
2021,PB,Paraíba,2505238,Cuité de Mamanguape,estadual,fundamental,iniciais (1-5),,,,,,,
2021,PB,Paraíba,2510204,Nova Olinda,estadual,fundamental,iniciais (1-5),,,,,,,
2021,PB,Paraíba,2502003,Belém do Brejo do Cruz,estadual,fundamental,iniciais (1-5),,,,,,,
2021,PB,Paraíba,2501609,Barra de Santa Rosa,estadual,fundamental,iniciais (1-5),,,,,,,
2021,PB,Paraíba,2512200,Prata,estadual,fundamental,iniciais (1-5),,,,,,,
2021,PB,Paraíba,2509107,Mari,estadual,fundamental,iniciais (1-5),,,,,,,
2021,PB,Paraíba,2508802,Malta,municipal,fundamental,iniciais (1-5),100.0,1.0,,,,,
2021,PB,Paraíba,2514107,São João do Tigre,estadual,medio,todos (1-4),100.0,1.0,,,,,
2021,PB,Paraíba,2503407,Cacimba de Areia,estadual,medio,todos (1-4),100.0,1.0,,,,,
2021,PB,Paraíba,2512077,Poço de José de Moura,publica,medio,todos (1-4),100.0,1.0,,,,,
2021,PB,Paraíba,2512762,Riachão do Poço,publica,medio,todos (1-4),99.5,0.996306,,,,,
2021,PB,Paraíba,2506004,Esperança,estadual,medio,todos (1-4),99.1,0.990981,,,,,
2021,PB,Paraíba,2508109,Lagoa,estadual,medio,todos (1-4),91.4,0.914557,,,,,
2021,PB,Paraíba,2503605,Caiçara,publica,medio,todos (1-4),98.0,0.979666,,,,,
2021,PB,Paraíba,2507804,Junco do Seridó,publica,medio,todos (1-4),100.0,1.0,,,,,
2021,PB,Paraíba,2502706,Borborema,estadual,medio,todos (1-4),96.7,0.967825,,,,,
2021,PB,Paraíba,2504009,Campina Grande,federal,medio,todos (1-4),88.6,0.890176,,,,,
2021,PB,Paraíba,2501534,Baraúna,publica,fundamental,finais (6-9),100.0,1.0,,,,,
2021,PB,Paraíba,2513505,Santana de Mangueira,estadual,fundamental,finais (6-9),,,,,,,
2021,PB,Paraíba,2500908,Arara,municipal,fundamental,finais (6-9),99.6,0.996487,,,,,
2021,PB,Paraíba,2516409,Tacima,municipal,fundamental,finais (6-9),96.5,0.966192,,,,,
2021,PB,Paraíba,2506707,Imaculada,municipal,fundamental,finais (6-9),97.5,0.973544,,,,,
2021,PB,Paraíba,2512762,Riachão do Poço,publica,fundamental,finais (6-9),100.0,1.0,,,,,
2021,PB,Paraíba,2509057,Marcação,publica,fundamental,finais (6-9),89.0,0.892389,,,,,
2021,PB,Paraíba,2515807,Serra Redonda,estadual,fundamental,finais (6-9),99.0,0.991151,,,,,
2021,PB,Paraíba,2513307,Santa Helena,estadual,fundamental,iniciais (1-5),,,,,,,
2021,PB,Paraíba,2505238,Cuité de Mamanguape,municipal,fundamental,iniciais (1-5),97.7,0.979362,,,,,
2021,PB,Paraíba,2509156,Marizópolis,estadual,fundamental,iniciais (1-5),,,,,,,
2021,PB,Paraíba,2509404,Mogeiro,publica,medio,todos (1-4),100.0,1.0,,,,,
2021,PB,Paraíba,2507200,Itatuba,publica,medio,todos (1-4),100.0,1.0,,,,,
2021,PB,Paraíba,2504207,Catingueira,publica,medio,todos (1-4),99.3,0.993243,,,,,
2021,PB,Paraíba,2512705,Remígio,publica,medio,todos (1-4),98.7,0.98765,,,,,
2021,PB,Paraíba,2504306,Catolé do Rocha,publica,medio,todos (1-4),97.5,0.978537,,,,,
2021,PB,Paraíba,2505402,Desterro,publica,medio,todos (1-4),100.0,1.0,,,,,
2021,PB,Paraíba,2516508,Taperoá,publica,medio,todos (1-4),94.2,0.945458,,,,,
2021,PB,Paraíba,2500304,Alagoa Grande,estadual,medio,todos (1-4),99.2,0.941691,,,,,
2021,PB,Paraíba,2507200,Itatuba,estadual,medio,todos (1-4),100.0,1.0,,,,,
2021,PB,Paraíba,2500577,Algodão de Jandaíra,municipal,fundamental,finais (6-9),94.4,0.942587,,,,,
2021,PB,Paraíba,2508109,Lagoa,estadual,fundamental,finais (6-9),98.9,0.99285,,,,,
2021,PB,Paraíba,2509057,Marcação,municipal,fundamental,finais (6-9),86.4,0.872294,,,,,
2021,PB,Paraíba,2510600,Ouro Velho,estadual,fundamental,finais (6-9),,,,,,,
2021,PB,Paraíba,2511202,Pedras de Fogo,estadual,fundamental,iniciais (1-5),,,,,,,
2021,PB,Paraíba,2501534,Baraúna,estadual,fundamental,iniciais (1-5),,,,,,,
2021,PB,Paraíba,2516102,Soledade,estadual,fundamental,iniciais (1-5),,,,,,,
2021,PB,Paraíba,2515500,Serra Branca,estadual,fundamental,iniciais (1-5),,,,,,,
2021,PB,Paraíba,2500775,Aparecida,publica,medio,todos (1-4),99.1,0.990622,,,,,
2021,PB,Paraíba,2514453,São José dos Ramos,publica,medio,todos (1-4),97.6,0.980741,,,,,
2021,PB,Paraíba,2502201,Bom Jesus,publica,medio,todos (1-4),72.4,0.737632,,,,,
2021,PB,Paraíba,2507606,Juarez Távora,publica,fundamental,finais (6-9),89.2,0.894939,,,,,
2021,PB,Paraíba,2501575,Barra de Santana,municipal,fundamental,finais (6-9),99.6,0.996236,,,,,
2021,PB,Paraíba,2504702,Congo,estadual,fundamental,finais (6-9),,,,,,,
2021,PB,Paraíba,2510105,Nova Floresta,municipal,fundamental,finais (6-9),98.0,0.975819,,,,,
2021,PB,Paraíba,2513307,Santa Helena,estadual,fundamental,finais (6-9),100.0,1.0,,,,,
2021,PB,Paraíba,2517407,Zabelê,estadual,fundamental,finais (6-9),,,,,,,
2021,PB,Paraíba,2509404,Mogeiro,estadual,fundamental,iniciais (1-5),,,,,,,
2021,PB,Paraíba,2512507,Queimadas,estadual,fundamental,iniciais (1-5),,,,,,,
2021,PB,Paraíba,2513802,Santa Teresinha,municipal,fundamental,iniciais (1-5),100.0,1.0,,,,,
2021,PB,Paraíba,2508000,Juru,estadual,fundamental,iniciais (1-5),,,,,,,
2021,PB,Paraíba,2515708,Serra Grande,estadual,medio,todos (1-4),100.0,1.0,,,,,
2021,PB,Paraíba,2505907,Emas,publica,medio,todos (1-4),96.4,0.96515,,,,,
2021,PB,Paraíba,2504405,Conceição,estadual,medio,todos (1-4),94.1,0.954191,,,,,
2021,PB,Paraíba,2502607,Igaracy,estadual,medio,todos (1-4),95.7,0.956606,,,,,
2021,PB,Paraíba,2509909,Natuba,estadual,medio,todos (1-4),97.9,0.978805,,,,,
2021,PB,Paraíba,2514503,São José de Piranhas,municipal,fundamental,finais (6-9),98.8,0.987705,,,,,
2021,PB,Paraíba,2513927,São Bentinho,estadual,fundamental,finais (6-9),,,,,,,
2021,PB,Paraíba,2516904,Uiraúna,municipal,fundamental,finais (6-9),95.0,0.95024,,,,,
2021,PB,Paraíba,2505501,Vista Serrana,publica,fundamental,finais (6-9),,,,,,,
2021,PB,Paraíba,2501534,Baraúna,municipal,fundamental,finais (6-9),100.0,1.0,,,,,
2021,PB,Paraíba,2504504,Condado,publica,fundamental,iniciais (1-5),99.8,0.997577,,,,,
2021,PB,Paraíba,2512408,Puxinanã,municipal,fundamental,iniciais (1-5),99.6,0.995986,,,,,
2021,PB,Paraíba,2501401,Baía da Traição,municipal,fundamental,iniciais (1-5),91.2,0.911007,,,,,
2021,PB,Paraíba,2512606,Quixabá,estadual,fundamental,iniciais (1-5),,,,,,,
2021,PB,Paraíba,2505709,Dona Inês,estadual,medio,todos (1-4),99.6,0.995629,,,,,
2021,PB,Paraíba,2512309,Princesa Isabel,federal,medio,todos (1-4),73.8,0.752574,,,,,
2021,PB,Paraíba,2515203,São Sebastião do Umbuzeiro,estadual,medio,todos (1-4),,,,,,,
2021,PB,Paraíba,2515104,São Sebastião de Lagoa de Roça,estadual,medio,todos (1-4),97.9,0.981911,,,,,
2021,PB,Paraíba,2516706,Teixeira,estadual,medio,todos (1-4),97.7,0.976658,,,,,
2021,PB,Paraíba,2510600,Ouro Velho,estadual,medio,todos (1-4),100.0,1.0,,,,,
2021,PB,Paraíba,2500601,Alhandra,estadual,medio,todos (1-4),91.5,0.912725,,,,,
2021,PB,Paraíba,2509370,Mato Grosso,estadual,medio,todos (1-4),,,,,,,
2021,PB,Paraíba,2513356,Santa Inês,municipal,fundamental,finais (6-9),90.3,0.893899,,,,,
2021,PB,Paraíba,2509370,Mato Grosso,estadual,fundamental,finais (6-9),,,,,,,
2021,PB,Paraíba,2509339,Matinhas,municipal,fundamental,finais (6-9),98.0,0.976973,,,,,
2021,PB,Paraíba,2503407,Cacimba de Areia,municipal,fundamental,finais (6-9),94.8,0.948897,,,,,
2021,PB,Paraíba,2500601,Alhandra,municipal,fundamental,finais (6-9),91.1,0.910296,,,,,
2021,PB,Paraíba,2510303,Nova Palmeira,publica,fundamental,finais (6-9),99.3,0.992439,,,,,
2021,PB,Paraíba,2501500,Bananeiras,estadual,fundamental,finais (6-9),,,,,,,
2021,PB,Paraíba,2512788,Riacho de Santo Antônio,estadual,fundamental,finais (6-9),,,,,,,
2021,PB,Paraíba,2513968,São Domingos,municipal,fundamental,iniciais (1-5),90.7,0.911438,,,,,
2021,PB,Paraíba,2500908,Arara,estadual,fundamental,iniciais (1-5),,,,,,,
2021,PB,Paraíba,2513604,Santana dos Garrotes,estadual,fundamental,iniciais (1-5),,,,,,,
2021,PB,Paraíba,2514305,São José de Caiana,estadual,fundamental,iniciais (1-5),,,,,,,
2021,PB,Paraíba,2507804,Junco do Seridó,estadual,medio,todos (1-4),100.0,1.0,,,,,
2021,PB,Paraíba,2505204,Cuitegi,publica,medio,todos (1-4),89.8,0.896299,,,,,
2021,PB,Paraíba,2500536,Alcantil,estadual,medio,todos (1-4),94.2,0.949754,,,,,
2021,PB,Paraíba,2509404,Mogeiro,estadual,medio,todos (1-4),100.0,1.0,,,,,
2021,PB,Paraíba,2501203,Areial,publica,medio,todos (1-4),95.0,0.952792,,,,,
2021,PB,Paraíba,2505501,Vista Serrana,estadual,medio,todos (1-4),99.1,0.985597,,,,,
2021,PB,Paraíba,2507309,Jacaraú,publica,medio,todos (1-4),94.8,0.948609,,,,,
2021,PB,Paraíba,2502904,Brejo dos Santos,estadual,fundamental,finais (6-9),100.0,1.0,,,,,
2021,PB,Paraíba,2503100,Cabaceiras,estadual,fundamental,finais (6-9),,,,,,,
2021,PB,Paraíba,2515906,Serraria,estadual,fundamental,finais (6-9),99.7,0.997481,,,,,
2021,PB,Paraíba,2513968,São Domingos,publica,fundamental,iniciais (1-5),90.7,0.911438,,,,,
2021,PB,Paraíba,2502904,Brejo dos Santos,estadual,fundamental,iniciais (1-5),,,,,,,
2021,PB,Paraíba,2509701,Monteiro,estadual,fundamental,iniciais (1-5),,,,,,,
2021,PB,Paraíba,2508406,Lastro,estadual,fundamental,iniciais (1-5),,,,,,,
2021,PB,Paraíba,2515906,Serraria,municipal,fundamental,iniciais (1-5),95.3,0.951844,,,,,
2021,PB,Paraíba,2514404,São José de Espinharas,estadual,fundamental,iniciais (1-5),,,,,,,
2021,PB,Paraíba,2505204,Cuitegi,estadual,fundamental,iniciais (1-5),,,,,,,
2021,PB,Paraíba,2505808,Duas Estradas,estadual,fundamental,iniciais (1-5),,,,,,,
2021,PB,Paraíba,2512408,Puxinanã,estadual,fundamental,iniciais (1-5),,,,,,,
2021,PB,Paraíba,2514909,São Mamede,estadual,medio,todos (1-4),100.0,1.0,,,,,
2021,PB,Paraíba,2510600,Ouro Velho,publica,medio,todos (1-4),100.0,1.0,,,,,
2021,PB,Paraíba,2504074,Caraúbas,estadual,medio,todos (1-4),100.0,1.0,,,,,
2021,PB,Paraíba,2516300,Sumé,estadual,medio,todos (1-4),100.0,1.0,,,,,
2021,PB,Paraíba,2505279,Curral de Cima,publica,medio,todos (1-4),100.0,1.0,,,,,
2021,PB,Paraíba,2504108,Carrapateira,estadual,medio,todos (1-4),96.9,0.968462,,,,,
2021,PB,Paraíba,2501153,Areia de Baraúnas,municipal,fundamental,finais (6-9),95.5,0.959431,,,,,
2021,PB,Paraíba,2507408,Jericó,municipal,fundamental,finais (6-9),67.2,0.647489,,,,,
2021,PB,Paraíba,2513943,São Domingos do Cariri,estadual,fundamental,finais (6-9),,,,,,,
2021,PB,Paraíba,2515807,Serra Redonda,municipal,fundamental,finais (6-9),96.2,0.96685,,,,,
2021,PB,Paraíba,2510006,Nazarezinho,estadual,fundamental,finais (6-9),,,,,,,
2021,PB,Paraíba,2508901,Mamanguape,estadual,fundamental,iniciais (1-5),,,,,,,
2021,PB,Paraíba,2509909,Natuba,estadual,fundamental,iniciais (1-5),100.0,1.0,,,,,
2021,PB,Paraíba,2512747,Riachão,estadual,fundamental,iniciais (1-5),,,,,,,
2021,PB,Paraíba,2509370,Mato Grosso,municipal,fundamental,iniciais (1-5),89.1,0.893598,,,,,
2021,PB,Paraíba,2512721,Pedro Régis,publica,medio,todos (1-4),100.0,1.0,,,,,
2021,PB,Paraíba,2501534,Baraúna,estadual,medio,todos (1-4),97.1,0.97482,,,,,
2021,PB,Paraíba,2508208,Lagoa de Dentro,estadual,medio,todos (1-4),98.7,0.988404,,,,,
2021,PB,Paraíba,2509602,Monte Horebe,estadual,medio,todos (1-4),89.7,0.906065,,,,,
2021,PB,Paraíba,2513851,Santo André,estadual,medio,todos (1-4),100.0,1.0,,,,,
2021,PB,Paraíba,2512747,Riachão,estadual,medio,todos (1-4),93.1,0.924041,,,,,
2021,PB,Paraíba,2512754,Riachão do Bacamarte,estadual,medio,todos (1-4),96.6,0.966079,,,,,
2021,PB,Paraíba,2513604,Santana dos Garrotes,estadual,fundamental,finais (6-9),100.0,1.0,,,,,
2021,PB,Paraíba,2512408,Puxinanã,municipal,fundamental,finais (6-9),,,,,,,
2021,PB,Paraíba,2512507,Queimadas,estadual,fundamental,finais (6-9),100.0,1.0,,,,,
2021,PB,Paraíba,2505501,Vista Serrana,estadual,fundamental,finais (6-9),,,,,,,
2021,PB,Paraíba,2512804,Riacho dos Cavalos,estadual,fundamental,finais (6-9),98.0,0.980609,,,,,
2021,PB,Paraíba,2512077,Poço de José de Moura,estadual,fundamental,finais (6-9),,,,,,,
2021,PB,Paraíba,2502003,Belém do Brejo do Cruz,estadual,fundamental,finais (6-9),87.5,0.866713,,,,,
2021,PB,Paraíba,2512721,Pedro Régis,estadual,fundamental,iniciais (1-5),,,,,,,
2021,PB,Paraíba,2508802,Malta,estadual,fundamental,iniciais (1-5),,,,,,,
2021,PB,Paraíba,2511400,Picuí,estadual,fundamental,iniciais (1-5),,,,,,,
2021,PB,Paraíba,2501708,Barra de São Miguel,estadual,medio,todos (1-4),93.9,0.934807,,,,,
2021,PB,Paraíba,2500205,Aguiar,estadual,medio,todos (1-4),98.7,0.989449,,,,,
2021,PB,Paraíba,2505709,Dona Inês,publica,medio,todos (1-4),99.6,0.995629,,,,,
2021,PB,Paraíba,2508802,Malta,publica,medio,todos (1-4),93.4,0.931322,,,,,
2021,PB,Paraíba,2503704,Cajazeiras,publica,medio,todos (1-4),98.2,0.980138,,,,,
2021,PB,Paraíba,2508208,Lagoa de Dentro,estadual,fundamental,finais (6-9),98.4,0.97957,,,,,
2021,PB,Paraíba,2514701,São José do Sabugi,estadual,fundamental,finais (6-9),,,,,,,
2021,PB,Paraíba,2512002,Pocinhos,estadual,fundamental,finais (6-9),,,,,,,
2021,PB,Paraíba,2506251,Gado Bravo,estadual,fundamental,finais (6-9),,,,,,,
2021,PB,Paraíba,2513901,São Bento,estadual,fundamental,finais (6-9),100.0,1.0,,,,,
2021,PB,Paraíba,2504801,Coremas,estadual,fundamental,finais (6-9),95.5,0.956159,,,,,
2021,PB,Paraíba,2514909,São Mamede,estadual,fundamental,finais (6-9),99.5,0.994408,,,,,
2021,PB,Paraíba,2505907,Emas,municipal,fundamental,finais (6-9),98.8,0.986289,,,,,
2021,PB,Paraíba,2500577,Algodão de Jandaíra,publica,fundamental,iniciais (1-5),100.0,1.0,,,,,
2021,PB,Paraíba,2509503,Montadas,estadual,fundamental,iniciais (1-5),,,,,,,
2021,PB,Paraíba,2510907,Paulista,municipal,fundamental,iniciais (1-5),98.9,0.989684,,,,,
2021,PB,Paraíba,2513109,Salgado de São Félix,municipal,fundamental,iniciais (1-5),99.1,0.992042,,,,,
2021,PB,Paraíba,2511905,Pitimbu,estadual,fundamental,iniciais (1-5),,,,,,,
2021,PB,Paraíba,2514503,São José de Piranhas,publica,medio,todos (1-4),86.7,0.901416,,,,,
2021,PB,Paraíba,2504603,Conde,estadual,medio,todos (1-4),79.6,0.793852,,,,,
2021,PB,Paraíba,2503555,Cacimbas,publica,medio,todos (1-4),99.6,0.995968,,,,,
2021,PB,Paraíba,2508307,Lagoa Seca,publica,medio,todos (1-4),100.0,1.0,,,,,
2021,PB,Paraíba,2512903,Rio Tinto,municipal,fundamental,finais (6-9),89.3,0.899541,,,,,
2021,PB,Paraíba,2515302,Sapé,estadual,fundamental,finais (6-9),99.8,0.998247,,,,,
2021,PB,Paraíba,2507804,Junco do Seridó,estadual,fundamental,finais (6-9),100.0,1.0,,,,,
2021,PB,Paraíba,2509396,Maturéia,estadual,fundamental,iniciais (1-5),,,,,,,
2021,PB,Paraíba,2507309,Jacaraú,estadual,fundamental,iniciais (1-5),,,,,,,
2021,PB,Paraíba,2513505,Santana de Mangueira,estadual,fundamental,iniciais (1-5),,,,,,,
2021,PB,Paraíba,2515104,São Sebastião de Lagoa de Roça,estadual,fundamental,iniciais (1-5),,,,,,,
2021,PB,Paraíba,2514503,São José de Piranhas,estadual,fundamental,iniciais (1-5),,,,,,,
2021,PB,Paraíba,2504702,Congo,estadual,fundamental,iniciais (1-5),,,,,,,
2021,PB,Paraíba,2502508,Boqueirão,estadual,fundamental,iniciais (1-5),,,,,,,
2021,PB,Paraíba,2507408,Jericó,estadual,medio,todos (1-4),100.0,1.0,,,,,
2021,PB,Paraíba,2516508,Taperoá,estadual,medio,todos (1-4),94.2,0.945458,,,,,
2021,PB,Paraíba,2503555,Cacimbas,estadual,medio,todos (1-4),99.6,0.995968,,,,,
2021,PB,Paraíba,2516151,Sossêgo,estadual,medio,todos (1-4),96.2,0.965448,,,,,
2021,PB,Paraíba,2500775,Aparecida,estadual,medio,todos (1-4),99.1,0.990622,,,,,
2021,PB,Paraíba,2501351,Assunção,estadual,medio,todos (1-4),100.0,1.0,,,,,
2021,PB,Paraíba,2501575,Barra de Santana,publica,fundamental,finais (6-9),99.6,0.996236,,,,,
2021,PB,Paraíba,2506509,Gurjão,publica,fundamental,finais (6-9),100.0,1.0,,,,,
2021,PB,Paraíba,2515005,São Miguel de Taipu,estadual,fundamental,finais (6-9),92.6,0.922368,,,,,
2021,PB,Paraíba,2500536,Alcantil,municipal,fundamental,finais (6-9),92.3,0.922625,,,,,
2021,PB,Paraíba,2501575,Barra de Santana,estadual,fundamental,iniciais (1-5),,,,,,,
2021,PB,Paraíba,2504355,Caturité,publica,fundamental,iniciais (1-5),98.4,0.985459,,,,,
2021,PB,Paraíba,2500205,Aguiar,estadual,fundamental,iniciais (1-5),,,,,,,
2021,PB,Paraíba,2513851,Santo André,municipal,fundamental,iniciais (1-5),99.5,0.996141,,,,,
2021,PB,Paraíba,2508505,Livramento,estadual,fundamental,iniciais (1-5),,,,,,,
2021,PB,Paraíba,2500809,Araçagi,estadual,medio,todos (1-4),99.2,0.956016,,,,,
2021,PB,Paraíba,2510501,Olivedos,estadual,medio,todos (1-4),100.0,1.0,,,,,
2021,PB,Paraíba,2506251,Gado Bravo,publica,medio,todos (1-4),100.0,1.0,,,,,
2021,PB,Paraíba,2506806,Ingá,estadual,medio,todos (1-4),100.0,1.0,,,,,
2021,PB,Paraíba,2506004,Esperança,publica,medio,todos (1-4),98.2,0.981578,,,,,
2021,PB,Paraíba,2504504,Condado,publica,medio,todos (1-4),100.0,1.0,,,,,
2021,PB,Paraíba,2507408,Jericó,publica,medio,todos (1-4),100.0,1.0,,,,,
2021,PB,Paraíba,2501351,Assunção,publica,medio,todos (1-4),100.0,1.0,,,,,
2021,PB,Paraíba,2513851,Santo André,publica,medio,todos (1-4),100.0,1.0,,,,,
2021,PB,Paraíba,2501807,Bayeux,publica,medio,todos (1-4),95.7,0.739812,,,,,
2021,PB,Paraíba,2508307,Lagoa Seca,municipal,fundamental,finais (6-9),99.9,0.998997,,,,,
2021,PB,Paraíba,2502706,Borborema,municipal,fundamental,finais (6-9),91.0,0.90313,,,,,
2021,PB,Paraíba,2511905,Pitimbu,estadual,fundamental,finais (6-9),100.0,1.0,,,,,
2021,PB,Paraíba,2506103,Fagundes,publica,fundamental,iniciais (1-5),92.0,0.919137,,,,,
2021,PB,Paraíba,2505907,Emas,estadual,fundamental,iniciais (1-5),,,,,,,
2021,PB,Paraíba,2515930,Sertãozinho,estadual,fundamental,iniciais (1-5),,,,,,,
2021,PB,Paraíba,2503902,Camalaú,estadual,fundamental,iniciais (1-5),,,,,,,
2021,PB,Paraíba,2509339,Matinhas,estadual,fundamental,iniciais (1-5),,,,,,,
2021,PB,Paraíba,2508208,Lagoa de Dentro,publica,medio,todos (1-4),98.7,0.988404,,,,,
2021,PB,Paraíba,2514651,São José do Brejo do Cruz,estadual,medio,todos (1-4),100.0,1.0,,,,,
2021,PB,Paraíba,2516904,Uiraúna,estadual,medio,todos (1-4),98.9,0.989796,,,,,
2021,PB,Paraíba,2510501,Olivedos,municipal,medio,todos (1-4),,,,,,,
2021,PB,Paraíba,2511509,Pilar,estadual,medio,todos (1-4),100.0,1.0,,,,,
2021,PB,Paraíba,2517209,Vieirópolis,estadual,medio,todos (1-4),100.0,1.0,,,,,
2021,PB,Paraíba,2500577,Algodão de Jandaíra,publica,medio,todos (1-4),,,,,,,
2021,PB,Paraíba,2505204,Cuitegi,estadual,medio,todos (1-4),89.8,0.896299,,,,,
2021,PB,Paraíba,2510402,Olho d'Água,estadual,fundamental,finais (6-9),99.0,0.984567,,,,,
2021,PB,Paraíba,2505238,Cuité de Mamanguape,estadual,fundamental,finais (6-9),,,,,,,
2021,PB,Paraíba,2514008,São João do Cariri,publica,fundamental,finais (6-9),99.2,0.99285,,,,,
2021,PB,Paraíba,2505006,Cubati,estadual,fundamental,finais (6-9),,,,,,,
2021,PB,Paraíba,2503308,Cachoeira dos Índios,publica,fundamental,iniciais (1-5),99.3,0.993946,,,,,
2021,PB,Paraíba,2509800,Mulungu,publica,medio,todos (1-4),96.3,0.961083,,,,,
2021,PB,Paraíba,2506905,Itabaiana,federal,medio,todos (1-4),96.3,0.966699,,,,,
2021,PB,Paraíba,2500908,Arara,publica,medio,todos (1-4),97.0,0.966823,,,,,
2021,PB,Paraíba,2512200,Prata,estadual,medio,todos (1-4),95.5,0.96082,,,,,
2021,PB,Paraíba,2514008,São João do Cariri,estadual,fundamental,finais (6-9),,,,,,,
2021,PB,Paraíba,2517209,Vieirópolis,estadual,fundamental,finais (6-9),,,,,,,
2021,PB,Paraíba,2507101,Itapororoca,estadual,fundamental,finais (6-9),100.0,1.0,,,,,
2021,PB,Paraíba,2501609,Barra de Santa Rosa,estadual,fundamental,finais (6-9),,,,,,,
2021,PB,Paraíba,2502607,Igaracy,estadual,fundamental,iniciais (1-5),,,,,,,
2021,PB,Paraíba,2516904,Uiraúna,estadual,fundamental,iniciais (1-5),100.0,1.0,,,,,
2021,PB,Paraíba,2505006,Cubati,estadual,fundamental,iniciais (1-5),,,,,,,
2021,PB,Paraíba,2502151,Boa Vista,estadual,fundamental,iniciais (1-5),,,,,,,
2021,PB,Paraíba,2512101,Pombal,estadual,fundamental,iniciais (1-5),,,,,,,
2021,PB,Paraíba,2515609,Serra da Raiz,estadual,fundamental,iniciais (1-5),,,,,,,
2021,PB,Paraíba,2515203,São Sebastião do Umbuzeiro,publica,medio,todos (1-4),,,,,,,
2021,PB,Paraíba,2502300,Bom Sucesso,publica,medio,todos (1-4),100.0,1.0,,,,,
2021,PB,Paraíba,2500577,Algodão de Jandaíra,publica,fundamental,finais (6-9),94.4,0.942587,,,,,
2021,PB,Paraíba,2515708,Serra Grande,estadual,fundamental,finais (6-9),,,,,,,
2021,PB,Paraíba,2513000,Salgadinho,publica,fundamental,finais (6-9),96.2,0.963485,,,,,
2021,PB,Paraíba,2503407,Cacimba de Areia,estadual,fundamental,finais (6-9),,,,,,,
2021,PB,Paraíba,2513802,Santa Teresinha,estadual,fundamental,iniciais (1-5),,,,,,,
2021,PB,Paraíba,2515104,São Sebastião de Lagoa de Roça,publica,medio,todos (1-4),97.9,0.981911,,,,,
2021,PB,Paraíba,2515708,Serra Grande,publica,medio,todos (1-4),100.0,1.0,,,,,
2021,PB,Paraíba,2508554,Logradouro,estadual,medio,todos (1-4),86.9,0.866797,,,,,
2021,PB,Paraíba,2501500,Bananeiras,municipal,fundamental,finais (6-9),94.9,0.950037,,,,,
2021,PB,Paraíba,2502904,Brejo dos Santos,municipal,fundamental,finais (6-9),94.0,0.937898,,,,,
2021,PB,Paraíba,2505204,Cuitegi,publica,fundamental,finais (6-9),97.5,0.975905,,,,,
2021,PB,Paraíba,2512036,Poço Dantas,publica,fundamental,finais (6-9),73.4,0.7424,,,,,
2021,PB,Paraíba,2509404,Mogeiro,estadual,fundamental,finais (6-9),100.0,1.0,,,,,
2021,PB,Paraíba,2509404,Mogeiro,municipal,fundamental,finais (6-9),92.6,0.926842,,,,,
2021,PB,Paraíba,2512762,Riachão do Poço,municipal,fundamental,finais (6-9),100.0,1.0,,,,,
2021,PB,Paraíba,2515708,Serra Grande,publica,fundamental,finais (6-9),95.4,0.953129,,,,,
2021,PB,Paraíba,2511301,Piancó,estadual,fundamental,iniciais (1-5),100.0,1.0,,,,,
2021,PB,Paraíba,2504504,Condado,municipal,fundamental,iniciais (1-5),99.8,0.997577,,,,,
2021,PB,Paraíba,2501500,Bananeiras,estadual,fundamental,iniciais (1-5),,,,,,,
2021,PB,Paraíba,2507408,Jericó,estadual,fundamental,iniciais (1-5),,,,,,,
2021,PB,Paraíba,2505600,Diamante,estadual,fundamental,iniciais (1-5),,,,,,,
2021,PB,Paraíba,2500577,Algodão de Jandaíra,municipal,fundamental,iniciais (1-5),100.0,1.0,,,,,
2021,PB,Paraíba,2503209,Cabedelo,estadual,medio,todos (1-4),98.2,0.981997,,,,,
2021,PB,Paraíba,2501005,Araruna,estadual,medio,todos (1-4),99.5,0.995289,,,,,
2021,PB,Paraíba,2509396,Maturéia,estadual,medio,todos (1-4),83.1,0.831973,,,,,
2021,PB,Paraíba,2515971,Sobrado,publica,medio,todos (1-4),95.8,0.960289,,,,,
2021,PB,Paraíba,2501153,Areia de Baraúnas,estadual,medio,todos (1-4),100.0,1.0,,,,,
2021,PB,Paraíba,2502102,Boa Ventura,publica,medio,todos (1-4),100.0,1.0,,,,,
2021,PB,Paraíba,2502805,Brejo do Cruz,estadual,fundamental,finais (6-9),,,,,,,
2021,PB,Paraíba,2513000,Salgadinho,municipal,fundamental,iniciais (1-5),100.0,1.0,,,,,
2021,PB,Paraíba,2508208,Lagoa de Dentro,estadual,fundamental,iniciais (1-5),,,,,,,
2021,PB,Paraíba,2514305,São José de Caiana,estadual,medio,todos (1-4),99.7,0.997319,,,,,
2021,PB,Paraíba,2506202,Frei Martinho,estadual,medio,todos (1-4),95.3,0.960047,,,,,
2021,PB,Paraíba,2510907,Paulista,publica,medio,todos (1-4),99.0,0.990939,,,,,
2021,PB,Paraíba,2509602,Monte Horebe,publica,medio,todos (1-4),89.7,0.906065,,,,,
2021,PB,Paraíba,2511301,Piancó,publica,medio,todos (1-4),95.4,0.954715,,,,,
2021,PB,Paraíba,2500403,Alagoa Nova,estadual,medio,todos (1-4),92.4,0.92242,,,,,
2021,PB,Paraíba,2513604,Santana dos Garrotes,publica,medio,todos (1-4),100.0,1.0,,,,,
2021,PB,Paraíba,2513158,Santa Cecília,municipal,fundamental,finais (6-9),88.2,0.880755,,,,,
2021,PB,Paraíba,2515500,Serra Branca,municipal,fundamental,finais (6-9),94.9,0.9474,,,,,
2021,PB,Paraíba,2501500,Bananeiras,publica,fundamental,finais (6-9),94.9,0.950037,,,,,
2021,PB,Paraíba,2501575,Barra de Santana,estadual,fundamental,finais (6-9),,,,,,,
2021,PB,Paraíba,2504157,Casserengue,estadual,fundamental,finais (6-9),,,,,,,
2021,PB,Paraíba,2512721,Pedro Régis,estadual,fundamental,finais (6-9),100.0,1.0,,,,,
2021,PB,Paraíba,2506202,Frei Martinho,publica,fundamental,finais (6-9),100.0,1.0,,,,,
2021,PB,Paraíba,2505204,Cuitegi,municipal,fundamental,finais (6-9),97.5,0.975905,,,,,
2021,PB,Paraíba,2512754,Riachão do Bacamarte,estadual,fundamental,iniciais (1-5),,,,,,,
2021,PB,Paraíba,2506103,Fagundes,publica,medio,todos (1-4),90.9,0.906971,,,,,
2021,PB,Paraíba,2501575,Barra de Santana,publica,medio,todos (1-4),100.0,1.0,,,,,
2021,PB,Paraíba,2505238,Cuité de Mamanguape,publica,medio,todos (1-4),98.7,0.990143,,,,,
2021,PB,Paraíba,2509701,Monteiro,estadual,fundamental,finais (6-9),92.2,0.931409,,,,,
2021,PB,Paraíba,2516151,Sossêgo,estadual,fundamental,finais (6-9),,,,,,,
2021,PB,Paraíba,2509156,Marizópolis,estadual,fundamental,finais (6-9),,,,,,,
2021,PB,Paraíba,2500502,Alagoinha,municipal,fundamental,finais (6-9),99.5,0.995227,,,,,
2021,PB,Paraíba,2514453,São José dos Ramos,estadual,fundamental,finais (6-9),,,,,,,
2021,PB,Paraíba,2501609,Barra de Santa Rosa,municipal,fundamental,finais (6-9),96.7,0.967758,,,,,
2021,PB,Paraíba,2509800,Mulungu,municipal,fundamental,finais (6-9),100.0,1.0,,,,,
2021,PB,Paraíba,2506608,Ibiara,estadual,fundamental,finais (6-9),100.0,1.0,,,,,
2021,PB,Paraíba,2512606,Quixabá,estadual,fundamental,finais (6-9),,,,,,,
2021,PB,Paraíba,2504207,Catingueira,municipal,fundamental,iniciais (1-5),100.0,1.0,,,,,
2021,PB,Paraíba,2501708,Barra de São Miguel,estadual,fundamental,iniciais (1-5),,,,,,,
2021,PB,Paraíba,2507804,Junco do Seridó,estadual,fundamental,iniciais (1-5),,,,,,,
2021,PB,Paraíba,2505238,Cuité de Mamanguape,publica,fundamental,iniciais (1-5),97.7,0.979362,,,,,
2021,PB,Paraíba,2500502,Alagoinha,estadual,fundamental,iniciais (1-5),,,,,,,
2021,PB,Paraíba,2509305,Mataraca,publica,medio,todos (1-4),92.2,0.92401200000000006,,,,,
2021,PB,Paraíba,2513000,Salgadinho,estadual,medio,todos (1-4),93.8,0.942911,,,,,
2021,PB,Paraíba,2500734,Amparo,publica,medio,todos (1-4),98.5,0.985597,,,,,
2021,PB,Paraíba,2509800,Mulungu,estadual,medio,todos (1-4),96.3,0.961083,,,,,
2021,PB,Paraíba,2500577,Algodão de Jandaíra,estadual,medio,todos (1-4),,,,,,,
2021,PB,Paraíba,2512705,Remígio,estadual,medio,todos (1-4),98.7,0.98765,,,,,
2021,PB,Paraíba,2501500,Bananeiras,estadual,medio,todos (1-4),89.5,0.907774,,,,,
2021,PB,Paraíba,2510709,Passagem,estadual,medio,todos (1-4),100.0,1.0,,,,,
2021,PB,Paraíba,2503803,Caldas Brandão,estadual,fundamental,finais (6-9),90.7,0.906466,,,,,
2021,PB,Paraíba,2512200,Prata,municipal,fundamental,finais (6-9),83.4,0.851106,,,,,
2021,PB,Paraíba,2507200,Itatuba,estadual,fundamental,finais (6-9),96.7,0.967,,,,,
2021,PB,Paraíba,2513505,Santana de Mangueira,municipal,fundamental,finais (6-9),95.5,0.95308,,,,,
2021,PB,Paraíba,2500700,São João do Rio do Peixe,estadual,fundamental,finais (6-9),98.8,0.986694,,,,,
2021,PB,Paraíba,2504801,Coremas,estadual,fundamental,iniciais (1-5),92.3,0.923,,,,,
2021,PB,Paraíba,2514206,São José da Lagoa Tapada,estadual,fundamental,iniciais (1-5),,,,,,,
2021,PB,Paraíba,2504074,Caraúbas,municipal,fundamental,iniciais (1-5),95.3,0.953814,,,,,
2021,PB,Paraíba,2508554,Logradouro,estadual,fundamental,iniciais (1-5),,,,,,,
2021,PB,Paraíba,2513802,Santa Teresinha,estadual,medio,todos (1-4),96.8,0.972203,,,,,
2021,PB,Paraíba,2513943,São Domingos do Cariri,estadual,medio,todos (1-4),,,,,,,
2021,PB,Paraíba,2507309,Jacaraú,estadual,medio,todos (1-4),94.8,0.948609,,,,,
2021,PB,Paraíba,2508554,Logradouro,publica,medio,todos (1-4),86.9,0.866797,,,,,
2021,PB,Paraíba,2512788,Riacho de Santo Antônio,publica,medio,todos (1-4),,,,,,,
2021,PB,Paraíba,2505402,Desterro,estadual,medio,todos (1-4),100.0,1.0,,,,,
2021,PB,Paraíba,2512705,Remígio,estadual,fundamental,finais (6-9),100.0,1.0,,,,,
2021,PB,Paraíba,2503308,Cachoeira dos Índios,estadual,fundamental,iniciais (1-5),,,,,,,
2021,PB,Paraíba,2502607,Igaracy,publica,fundamental,iniciais (1-5),99.7,0.997577,,,,,
2021,PB,Paraíba,2501153,Areia de Baraúnas,publica,fundamental,iniciais (1-5),,,,,,,
2023,PB,Paraíba,2501401,Baía da Traição,publica,fundamental,iniciais (1-5),,,,,,,
2023,PB,Paraíba,2509107,Mari,estadual,fundamental,iniciais (1-5),,,,,,,
2023,PB,Paraíba,2509305,Mataraca,estadual,fundamental,iniciais (1-5),,,,,,,
2023,PB,Paraíba,2512507,Queimadas,estadual,fundamental,iniciais (1-5),,,,,,,
2023,PB,Paraíba,2513901,São Bento,estadual,fundamental,iniciais (1-5),,,,,,,
2023,PB,Paraíba,2516904,Uiraúna,estadual,fundamental,iniciais (1-5),97.4,0.983589,,,,,
2023,PB,Paraíba,2500502,Alagoinha,estadual,fundamental,finais (6-9),,,,,,,
2023,PB,Paraíba,2512804,Riacho dos Cavalos,estadual,fundamental,finais (6-9),,,,,,,
2023,PB,Paraíba,2514453,São José dos Ramos,estadual,fundamental,finais (6-9),,,,,,,
2023,PB,Paraíba,2517100,Várzea,estadual,fundamental,finais (6-9),,,,,,,
2023,PB,Paraíba,2505709,Dona Inês,estadual,fundamental,iniciais (1-5),,,,,,,
2023,PB,Paraíba,2505238,Cuité de Mamanguape,estadual,fundamental,finais (6-9),,,,,,,
2023,PB,Paraíba,2502300,Bom Sucesso,estadual,fundamental,iniciais (1-5),,,,,,,
2023,PB,Paraíba,2508000,Juru,estadual,fundamental,iniciais (1-5),,,,,,,
2023,PB,Paraíba,2510808,Patos,estadual,fundamental,iniciais (1-5),,,,,,,
2023,PB,Paraíba,2504306,Catolé do Rocha,estadual,fundamental,finais (6-9),,,,,,,
2023,PB,Paraíba,2507507,João Pessoa,federal,medio,todos (1-4),,,,,,,
2023,PB,Paraíba,2501575,Barra de Santana,estadual,fundamental,iniciais (1-5),,,,,,,
2023,PB,Paraíba,2503506,Cacimba de Dentro,estadual,fundamental,iniciais (1-5),,,,,,,
2023,PB,Paraíba,2506103,Fagundes,estadual,fundamental,iniciais (1-5),,,,,,,
2023,PB,Paraíba,2501807,Bayeux,publica,medio,todos (1-4),64.0,0.640236,,,,,
2023,PB,Paraíba,2512606,Quixabá,publica,medio,todos (1-4),,,,,,,
2023,PB,Paraíba,2501351,Assunção,estadual,fundamental,iniciais (1-5),,,,,,,
2023,PB,Paraíba,2503001,Caaporã,estadual,fundamental,iniciais (1-5),,,,,,,
2023,PB,Paraíba,2504900,Cruz do Espírito Santo,estadual,fundamental,iniciais (1-5),,,,,,,
2023,PB,Paraíba,2513505,Santana de Mangueira,estadual,fundamental,iniciais (1-5),,,,,,,
2023,PB,Paraíba,2504108,Carrapateira,estadual,fundamental,finais (6-9),,,,,,,
2023,PB,Paraíba,2509057,Marcação,publica,fundamental,finais (6-9),,,,,,,
2023,PB,Paraíba,2513943,São Domingos do Cariri,estadual,fundamental,finais (6-9),,,,,,,
2023,PB,Paraíba,2514503,São José de Piranhas,estadual,fundamental,finais (6-9),,,,,,,
2023,PB,Paraíba,2506301,Guarabira,federal,medio,todos (1-4),95.4,0.954905,,,,,
2023,PB,Paraíba,2501708,Barra de São Miguel,estadual,fundamental,iniciais (1-5),,,,,,,
2023,PB,Paraíba,2504504,Condado,estadual,fundamental,iniciais (1-5),,,,,,,
2023,PB,Paraíba,2514206,São José da Lagoa Tapada,estadual,fundamental,iniciais (1-5),,,,,,,
2023,PB,Paraíba,2501351,Assunção,estadual,fundamental,finais (6-9),,,,,,,
2023,PB,Paraíba,2501401,Baía da Traição,publica,fundamental,finais (6-9),86.8,0.871357,,,,,
2023,PB,Paraíba,2504850,Coxixola,estadual,fundamental,finais (6-9),,,,,,,
2023,PB,Paraíba,2510303,Nova Palmeira,estadual,fundamental,finais (6-9),,,,,,,
2023,PB,Paraíba,2515807,Serra Redonda,estadual,fundamental,finais (6-9),82.4,0.839719,,,,,
2023,PB,Paraíba,2515807,Serra Redonda,estadual,medio,todos (1-4),82.7,0.827771,,,,,
2023,PB,Paraíba,2514404,São José de Espinharas,estadual,fundamental,iniciais (1-5),,,,,,,
2023,PB,Paraíba,2514651,São José do Brejo do Cruz,municipal,fundamental,iniciais (1-5),96.6,0.966918,,,,,
2023,PB,Paraíba,2515708,Serra Grande,estadual,fundamental,iniciais (1-5),,,,,,,
2023,PB,Paraíba,2501153,Areia de Baraúnas,estadual,fundamental,iniciais (1-5),,,,,,,
2023,PB,Paraíba,2502805,Brejo do Cruz,estadual,fundamental,iniciais (1-5),,,,,,,
2023,PB,Paraíba,2507101,Itapororoca,estadual,fundamental,iniciais (1-5),,,,,,,
2023,PB,Paraíba,2509156,Marizópolis,estadual,fundamental,iniciais (1-5),,,,,,,
2023,PB,Paraíba,2512408,Puxinanã,estadual,fundamental,iniciais (1-5),,,,,,,
2023,PB,Paraíba,2515104,São Sebastião de Lagoa de Roça,estadual,fundamental,iniciais (1-5),,,,,,,
2023,PB,Paraíba,2501401,Baía da Traição,estadual,fundamental,finais (6-9),86.2,0.86085,,,,,
2023,PB,Paraíba,2509206,Massaranduba,estadual,fundamental,finais (6-9),,,,,,,
2023,PB,Paraíba,2516003,Solânea,municipal,fundamental,finais (6-9),86.8,0.868451,,,,,
2023,PB,Paraíba,2501708,Barra de São Miguel,publica,medio,todos (1-4),80.6,0.805448,,,,,
2023,PB,Paraíba,2501302,Aroeiras,estadual,fundamental,iniciais (1-5),,,,,,,
2023,PB,Paraíba,2505907,Emas,estadual,fundamental,iniciais (1-5),,,,,,,
2023,PB,Paraíba,2513109,Salgado de São Félix,estadual,fundamental,iniciais (1-5),,,,,,,
2023,PB,Paraíba,2516409,Tacima,estadual,fundamental,iniciais (1-5),,,,,,,
2023,PB,Paraíba,2502052,Bernardino Batista,publica,fundamental,finais (6-9),94.1,0.941049,,,,,
2023,PB,Paraíba,2502904,Brejo dos Santos,estadual,fundamental,finais (6-9),,,,,,,
2023,PB,Paraíba,2505501,Vista Serrana,estadual,fundamental,finais (6-9),,,,,,,
2023,PB,Paraíba,2508307,Lagoa Seca,estadual,fundamental,finais (6-9),,,,,,,
2023,PB,Paraíba,2510600,Ouro Velho,estadual,medio,todos (1-4),,,,,,,
2023,PB,Paraíba,2505006,Cubati,estadual,fundamental,iniciais (1-5),,,,,,,
2023,PB,Paraíba,2507309,Jacaraú,estadual,fundamental,iniciais (1-5),,,,,,,
2023,PB,Paraíba,2507804,Junco do Seridó,estadual,fundamental,finais (6-9),,,,,,,
2023,PB,Paraíba,2513984,São Francisco,estadual,fundamental,finais (6-9),,,,,,,
2023,PB,Paraíba,2501203,Areial,estadual,fundamental,iniciais (1-5),,,,,,,
2023,PB,Paraíba,2515005,São Miguel de Taipu,estadual,fundamental,iniciais (1-5),,,,,,,
2023,PB,Paraíba,2507606,Juarez Távora,estadual,fundamental,finais (6-9),,,,,,,
2023,PB,Paraíba,2508554,Logradouro,estadual,fundamental,finais (6-9),83.3,0.833,,,,,
2023,PB,Paraíba,2512077,Poço de José de Moura,estadual,fundamental,finais (6-9),,,,,,,
2023,PB,Paraíba,2512804,Riacho dos Cavalos,estadual,fundamental,iniciais (1-5),,,,,,,
2023,PB,Paraíba,2513968,São Domingos,estadual,fundamental,finais (6-9),,,,,,,
2023,PB,Paraíba,2503308,Cachoeira dos Índios,estadual,medio,todos (1-4),86.1,0.860671,,,,,
2023,PB,Paraíba,2514404,São José de Espinharas,estadual,medio,todos (1-4),93.1,0.939829,,,,,
2023,PB,Paraíba,2501609,Barra de Santa Rosa,publica,fundamental,iniciais (1-5),95.8,0.960149,,,,,
2023,PB,Paraíba,2503209,Cabedelo,estadual,fundamental,iniciais (1-5),,,,,,,
2023,PB,Paraíba,2515807,Serra Redonda,estadual,fundamental,iniciais (1-5),,,,,,,
2023,PB,Paraíba,2509008,Manaíra,estadual,fundamental,finais (6-9),,,,,,,
2023,PB,Paraíba,2510907,Paulista,estadual,fundamental,finais (6-9),,,,,,,
2023,PB,Paraíba,2512408,Puxinanã,municipal,fundamental,finais (6-9),,,,,,,
2023,PB,Paraíba,2504801,Coremas,estadual,fundamental,iniciais (1-5),,,,,,,
2023,PB,Paraíba,2505501,Vista Serrana,publica,fundamental,iniciais (1-5),,,,,,,
2023,PB,Paraíba,2514552,São José de Princesa,municipal,fundamental,iniciais (1-5),,,,,,,
2023,PB,Paraíba,2506509,Gurjão,estadual,fundamental,finais (6-9),,,,,,,
2023,PB,Paraíba,2509404,Mogeiro,estadual,fundamental,finais (6-9),,,,,,,
2023,PB,Paraíba,2512036,Poço Dantas,estadual,fundamental,finais (6-9),,,,,,,
2023,PB,Paraíba,2513505,Santana de Mangueira,estadual,fundamental,finais (6-9),,,,,,,
2023,PB,Paraíba,2503308,Cachoeira dos Índios,publica,medio,todos (1-4),86.1,0.860671,,,,,
2023,PB,Paraíba,2508307,Lagoa Seca,publica,medio,todos (1-4),76.5,0.74886,,,,,
2023,PB,Paraíba,2515930,Sertãozinho,estadual,fundamental,iniciais (1-5),,,,,,,
2023,PB,Paraíba,2503100,Cabaceiras,estadual,fundamental,finais (6-9),,,,,,,
2023,PB,Paraíba,2505204,Cuitegi,estadual,fundamental,finais (6-9),,,,,,,
2023,PB,Paraíba,2508703,Mãe d'Água,estadual,fundamental,finais (6-9),,,,,,,
2023,PB,Paraíba,2511905,Pitimbu,publica,fundamental,finais (6-9),90.8,0.90747,,,,,
2023,PB,Paraíba,2512002,Pocinhos,estadual,fundamental,finais (6-9),,,,,,,
2023,PB,Paraíba,2504009,Campina Grande,federal,medio,todos (1-4),88.3,0.884356,,,,,
2023,PB,Paraíba,2505501,Vista Serrana,municipal,fundamental,iniciais (1-5),,,,,,,
2023,PB,Paraíba,2508109,Lagoa,estadual,fundamental,iniciais (1-5),,,,,,,
2023,PB,Paraíba,2500403,Alagoa Nova,publica,medio,todos (1-4),80.7,0.809295,,,,,
2023,PB,Paraíba,2502151,Boa Vista,estadual,fundamental,iniciais (1-5),,,,,,,
2023,PB,Paraíba,2509206,Massaranduba,estadual,fundamental,iniciais (1-5),,,,,,,
2023,PB,Paraíba,2509701,Monteiro,estadual,fundamental,iniciais (1-5),,,,,,,
2023,PB,Paraíba,2516300,Sumé,estadual,fundamental,iniciais (1-5),,,,,,,
2023,PB,Paraíba,2517209,Vieirópolis,estadual,fundamental,finais (6-9),,,,,,,
2023,PB,Paraíba,2500403,Alagoa Nova,estadual,medio,todos (1-4),80.7,0.809295,,,,,
2023,PB,Paraíba,2508901,Mamanguape,estadual,fundamental,iniciais (1-5),,,,,,,
2023,PB,Paraíba,2500536,Alcantil,estadual,fundamental,finais (6-9),,,,,,,
2023,PB,Paraíba,2506400,Gurinhém,estadual,fundamental,finais (6-9),,,,,,,
2023,PB,Paraíba,2512754,Riachão do Bacamarte,estadual,fundamental,finais (6-9),,,,,,,
2023,PB,Paraíba,2513653,Joca Claudino,estadual,fundamental,finais (6-9),,,,,,,
2023,PB,Paraíba,2516102,Soledade,estadual,fundamental,finais (6-9),,,,,,,
2023,PB,Paraíba,2501005,Araruna,estadual,fundamental,iniciais (1-5),,,,,,,
2023,PB,Paraíba,2501401,Baía da Traição,estadual,fundamental,iniciais (1-5),,,,,,,
2023,PB,Paraíba,2509404,Mogeiro,estadual,fundamental,iniciais (1-5),,,,,,,
2023,PB,Paraíba,2515500,Serra Branca,estadual,fundamental,iniciais (1-5),,,,,,,
2023,PB,Paraíba,2505501,Vista Serrana,publica,fundamental,finais (6-9),,,,,,,
2023,PB,Paraíba,2507309,Jacaraú,estadual,fundamental,finais (6-9),,,,,,,
2023,PB,Paraíba,2512721,Pedro Régis,estadual,fundamental,finais (6-9),84.6,0.846,,,,,
2023,PB,Paraíba,2508307,Lagoa Seca,estadual,medio,todos (1-4),76.5,0.74886,,,,,
2023,PB,Paraíba,2500502,Alagoinha,estadual,fundamental,iniciais (1-5),,,,,,,
2023,PB,Paraíba,2505600,Diamante,estadual,fundamental,iniciais (1-5),,,,,,,
2023,PB,Paraíba,2515906,Serraria,estadual,fundamental,iniciais (1-5),,,,,,,
2023,PB,Paraíba,2508208,Lagoa de Dentro,estadual,fundamental,finais (6-9),49.2,0.43944,,,,,
2023,PB,Paraíba,2503308,Cachoeira dos Índios,estadual,fundamental,iniciais (1-5),,,,,,,
2023,PB,Paraíba,2505204,Cuitegi,estadual,fundamental,iniciais (1-5),,,,,,,
2023,PB,Paraíba,2514107,São João do Tigre,estadual,fundamental,finais (6-9),,,,,,,
2023,PB,Paraíba,2500700,São João do Rio do Peixe,estadual,fundamental,iniciais (1-5),,,,,,,
2023,PB,Paraíba,2502607,Igaracy,estadual,fundamental,iniciais (1-5),,,,,,,
2023,PB,Paraíba,2512101,Pombal,estadual,fundamental,iniciais (1-5),,,,,,,
2023,PB,Paraíba,2513927,São Bentinho,estadual,fundamental,iniciais (1-5),,,,,,,
2023,PB,Paraíba,2503902,Camalaú,estadual,fundamental,finais (6-9),,,,,,,
2023,PB,Paraíba,2504157,Casserengue,estadual,fundamental,finais (6-9),,,,,,,
2023,PB,Paraíba,2509305,Mataraca,estadual,fundamental,finais (6-9),,,,,,,
2023,PB,Paraíba,2503803,Caldas Brandão,estadual,fundamental,iniciais (1-5),,,,,,,
2023,PB,Paraíba,2513802,Santa Teresinha,estadual,fundamental,iniciais (1-5),,,,,,,
2023,PB,Paraíba,2516805,Triunfo,estadual,fundamental,iniciais (1-5),,,,,,,
2023,PB,Paraíba,2503555,Cacimbas,estadual,fundamental,finais (6-9),,,,,,,
2023,PB,Paraíba,2506806,Ingá,estadual,fundamental,finais (6-9),76.7,0.770334,,,,,
2023,PB,Paraíba,2504603,Conde,estadual,medio,todos (1-4),61.9,0.626452,,,,,
2023,PB,Paraíba,2500601,Alhandra,estadual,fundamental,iniciais (1-5),,,,,,,
2023,PB,Paraíba,2507606,Juarez Távora,estadual,fundamental,iniciais (1-5),,,,,,,
2023,PB,Paraíba,2511103,Pedra Lavrada,estadual,fundamental,iniciais (1-5),,,,,,,
2023,PB,Paraíba,2501203,Areial,estadual,fundamental,finais (6-9),,,,,,,
2023,PB,Paraíba,2500809,Araçagi,estadual,fundamental,iniciais (1-5),,,,,,,
2023,PB,Paraíba,2502508,Boqueirão,estadual,fundamental,iniciais (1-5),,,,,,,
2023,PB,Paraíba,2503605,Caiçara,estadual,fundamental,iniciais (1-5),,,,,,,
2023,PB,Paraíba,2506400,Gurinhém,estadual,fundamental,iniciais (1-5),,,,,,,
2023,PB,Paraíba,2509602,Monte Horebe,estadual,fundamental,iniciais (1-5),,,,,,,
2023,PB,Paraíba,2512002,Pocinhos,estadual,fundamental,iniciais (1-5),,,,,,,
2023,PB,Paraíba,2517001,Umbuzeiro,estadual,fundamental,iniciais (1-5),,,,,,,
2023,PB,Paraíba,2511707,Pilõezinhos,estadual,fundamental,finais (6-9),,,,,,,
2023,PB,Paraíba,2506004,Esperança,federal,medio,todos (1-4),99.1,0.99118,,,,,
2023,PB,Paraíba,2501500,Bananeiras,estadual,fundamental,iniciais (1-5),,,,,,,
2023,PB,Paraíba,2501609,Barra de Santa Rosa,municipal,fundamental,iniciais (1-5),95.8,0.960149,,,,,
2023,PB,Paraíba,2507507,João Pessoa,federal,fundamental,iniciais (1-5),,,,,,,
2023,PB,Paraíba,2508802,Malta,estadual,fundamental,iniciais (1-5),,,,,,,
2023,PB,Paraíba,2515203,São Sebastião do Umbuzeiro,estadual,fundamental,iniciais (1-5),,,,,,,
2023,PB,Paraíba,2517407,Zabelê,estadual,medio,todos (1-4),75.9,0.760418,,,,,
2023,PB,Paraíba,2505105,Cuité,estadual,fundamental,iniciais (1-5),,,,,,,
2023,PB,Paraíba,2505238,Cuité de Mamanguape,estadual,fundamental,iniciais (1-5),,,,,,,
2023,PB,Paraíba,2509909,Natuba,estadual,fundamental,iniciais (1-5),,,,,,,
2023,PB,Paraíba,2511202,Pedras de Fogo,estadual,fundamental,iniciais (1-5),,,,,,,
2023,PB,Paraíba,2511400,Picuí,estadual,fundamental,iniciais (1-5),,,,,,,
2023,PB,Paraíba,2501401,Baía da Traição,municipal,fundamental,finais (6-9),,,,,,,
2023,PB,Paraíba,2504355,Caturité,estadual,fundamental,finais (6-9),,,,,,,
2023,PB,Paraíba,2511806,Pirpirituba,municipal,fundamental,finais (6-9),79.2,0.78416,,,,,
2023,PB,Paraíba,2517407,Zabelê,estadual,fundamental,finais (6-9),,,,,,,
2023,PB,Paraíba,2504603,Conde,publica,medio,todos (1-4),61.9,0.626452,,,,,
2023,PB,Paraíba,2506905,Itabaiana,federal,medio,todos (1-4),94.7,0.947089,,,,,
2023,PB,Paraíba,2504207,Catingueira,estadual,fundamental,iniciais (1-5),,,,,,,
2023,PB,Paraíba,2505303,Curral Velho,estadual,fundamental,iniciais (1-5),,,,,,,
2023,PB,Paraíba,2510907,Paulista,estadual,fundamental,iniciais (1-5),,,,,,,
2023,PB,Paraíba,2516607,Tavares,estadual,fundamental,iniciais (1-5),,,,,,,
2023,PB,Paraíba,2500106,Água Branca,estadual,fundamental,finais (6-9),,,,,,,
2023,PB,Paraíba,2516607,Tavares,estadual,medio,todos (1-4),83.8,0.845486,,,,,
2023,PB,Paraíba,2514800,São José dos Cordeiros,estadual,fundamental,iniciais (1-5),,,,,,,
2023,PB,Paraíba,2501575,Barra de Santana,estadual,fundamental,finais (6-9),,,,,,,
2023,PB,Paraíba,2503803,Caldas Brandão,estadual,fundamental,finais (6-9),,,,,,,
2023,PB,Paraíba,2509156,Marizópolis,estadual,fundamental,finais (6-9),,,,,,,
2023,PB,Paraíba,2504157,Casserengue,publica,medio,todos (1-4),77.4,0.773883,,,,,
2023,PB,Paraíba,2503902,Camalaú,estadual,fundamental,iniciais (1-5),,,,,,,
2023,PB,Paraíba,2504603,Conde,estadual,fundamental,iniciais (1-5),,,,,,,
2023,PB,Paraíba,2508208,Lagoa de Dentro,estadual,fundamental,iniciais (1-5),,,,,,,
2023,PB,Paraíba,2516508,Taperoá,estadual,fundamental,iniciais (1-5),,,,,,,
2023,PB,Paraíba,2502805,Brejo do Cruz,estadual,fundamental,finais (6-9),,,,,,,
2023,PB,Paraíba,2501807,Bayeux,estadual,medio,todos (1-4),64.0,0.640236,,,,,
2023,PB,Paraíba,2507200,Itatuba,estadual,medio,todos (1-4),83.6,0.83158,,,,,
2023,PB,Paraíba,2510204,Nova Olinda,estadual,fundamental,iniciais (1-5),,,,,,,
2023,PB,Paraíba,2504074,Caraúbas,estadual,fundamental,finais (6-9),,,,,,,
2023,PB,Paraíba,2505709,Dona Inês,estadual,fundamental,finais (6-9),,,,,,,
2023,PB,Paraíba,2508604,Lucena,estadual,fundamental,finais (6-9),,,,,,,
2023,PB,Paraíba,2513802,Santa Teresinha,estadual,fundamental,finais (6-9),,,,,,,
2023,PB,Paraíba,2514701,São José do Sabugi,estadual,fundamental,finais (6-9),,,,,,,
2023,PB,Paraíba,2511707,Pilõezinhos,estadual,fundamental,iniciais (1-5),,,,,,,
2023,PB,Paraíba,2512200,Prata,estadual,fundamental,iniciais (1-5),,,,,,,
2023,PB,Paraíba,2514453,São José dos Ramos,estadual,fundamental,iniciais (1-5),,,,,,,
2023,PB,Paraíba,2514909,São Mamede,estadual,fundamental,iniciais (1-5),,,,,,,
2023,PB,Paraíba,2502052,Bernardino Batista,municipal,fundamental,finais (6-9),94.1,0.941049,,,,,
2023,PB,Paraíba,2511905,Pitimbu,estadual,fundamental,finais (6-9),,,,,,,
2023,PB,Paraíba,2512606,Quixabá,estadual,fundamental,finais (6-9),,,,,,,
2023,PB,Paraíba,2509503,Montadas,estadual,fundamental,iniciais (1-5),,,,,,,
2023,PB,Paraíba,2513604,Santana dos Garrotes,publica,fundamental,iniciais (1-5),99.0,0.991308,,,,,
2023,PB,Paraíba,2509602,Monte Horebe,estadual,fundamental,finais (6-9),,,,,,,
2023,PB,Paraíba,2511905,Pitimbu,municipal,fundamental,finais (6-9),90.8,0.90747,,,,,
2023,PB,Paraíba,2507002,Itaporanga,estadual,fundamental,iniciais (1-5),,,,,,,
2023,PB,Paraíba,2506004,Esperança,estadual,fundamental,iniciais (1-5),,,,,,,
2023,PB,Paraíba,2507804,Junco do Seridó,estadual,fundamental,iniciais (1-5),,,,,,,
2023,PB,Paraíba,2508505,Livramento,estadual,fundamental,iniciais (1-5),,,,,,,
2023,PB,Paraíba,2512747,Riachão,estadual,fundamental,iniciais (1-5),,,,,,,
2023,PB,Paraíba,2508505,Livramento,estadual,fundamental,finais (6-9),,,,,,,
2023,PB,Paraíba,2513851,Santo André,estadual,fundamental,finais (6-9),,,,,,,
2023,PB,Paraíba,2515203,São Sebastião do Umbuzeiro,estadual,fundamental,finais (6-9),,,,,,,
2023,PB,Paraíba,2512788,Riacho de Santo Antônio,publica,medio,todos (1-4),,,,,,,
2023,PB,Paraíba,2501906,Belém,estadual,fundamental,iniciais (1-5),,,,,,,
2023,PB,Paraíba,2504306,Catolé do Rocha,estadual,fundamental,iniciais (1-5),,,,,,,
2023,PB,Paraíba,2507705,Juazeirinho,estadual,fundamental,iniciais (1-5),,,,,,,
2023,PB,Paraíba,2513307,Santa Helena,estadual,fundamental,iniciais (1-5),,,,,,,
2023,PB,Paraíba,2502151,Boa Vista,estadual,fundamental,finais (6-9),,,,,,,
2023,PB,Paraíba,2504702,Congo,estadual,fundamental,finais (6-9),,,,,,,
2023,PB,Paraíba,2505006,Cubati,estadual,fundamental,finais (6-9),,,,,,,
2023,PB,Paraíba,2509701,Monteiro,estadual,fundamental,finais (6-9),,,,,,,
2023,PB,Paraíba,2511103,Pedra Lavrada,estadual,fundamental,finais (6-9),,,,,,,
2023,PB,Paraíba,2513158,Santa Cecília,estadual,fundamental,finais (6-9),,,,,,,
2023,PB,Paraíba,2516151,Sossêgo,estadual,fundamental,finais (6-9),,,,,,,
2023,PB,Paraíba,2516300,Sumé,estadual,fundamental,finais (6-9),,,,,,,
2023,PB,Paraíba,2501609,Barra de Santa Rosa,estadual,fundamental,iniciais (1-5),,,,,,,
2023,PB,Paraíba,2502706,Borborema,estadual,fundamental,iniciais (1-5),,,,,,,
2023,PB,Paraíba,2504033,Capim,estadual,fundamental,iniciais (1-5),,,,,,,
2023,PB,Paraíba,2506251,Gado Bravo,estadual,fundamental,iniciais (1-5),,,,,,,
2023,PB,Paraíba,2511608,Pilões,estadual,fundamental,iniciais (1-5),,,,,,,
2023,PB,Paraíba,2512705,Remígio,estadual,fundamental,iniciais (1-5),,,,,,,
2023,PB,Paraíba,2514552,São José de Princesa,estadual,fundamental,iniciais (1-5),,,,,,,
2023,PB,Paraíba,2516607,Tavares,publica,medio,todos (1-4),83.8,0.845486,,,,,
2023,PB,Paraíba,2506301,Guarabira,estadual,fundamental,iniciais (1-5),,,,,,,
2023,PB,Paraíba,2506806,Ingá,estadual,fundamental,iniciais (1-5),,,,,,,
2023,PB,Paraíba,2515609,Serra da Raiz,estadual,fundamental,iniciais (1-5),,,,,,,
2023,PB,Paraíba,2509370,Mato Grosso,estadual,fundamental,finais (6-9),,,,,,,
2023,PB,Paraíba,2512788,Riacho de Santo Antônio,estadual,medio,todos (1-4),,,,,,,
2023,PB,Paraíba,2514552,São José de Princesa,publica,fundamental,iniciais (1-5),,,,,,,
2023,PB,Paraíba,2514651,São José do Brejo do Cruz,publica,fundamental,iniciais (1-5),96.6,0.966918,,,,,
2023,PB,Paraíba,2500536,Alcantil,publica,fundamental,finais (6-9),87.7,0.879276,,,,,
2023,PB,Paraíba,2511509,Pilar,estadual,fundamental,finais (6-9),,,,,,,
2023,PB,Paraíba,2515971,Sobrado,estadual,fundamental,finais (6-9),,,,,,,
2023,PB,Paraíba,2507200,Itatuba,publica,medio,todos (1-4),83.6,0.83158,,,,,
2023,PB,Paraíba,2511806,Pirpirituba,estadual,fundamental,iniciais (1-5),,,,,,,
2023,PB,Paraíba,2512721,Pedro Régis,estadual,fundamental,iniciais (1-5),,,,,,,
2023,PB,Paraíba,2513604,Santana dos Garrotes,municipal,fundamental,iniciais (1-5),99.0,0.991308,,,,,
2023,PB,Paraíba,2516706,Teixeira,estadual,fundamental,iniciais (1-5),,,,,,,
2023,PB,Paraíba,2507200,Itatuba,estadual,fundamental,finais (6-9),,,,,,,
2023,PB,Paraíba,2513927,São Bentinho,estadual,fundamental,finais (6-9),,,,,,,
2023,PB,Paraíba,2501401,Baía da Traição,municipal,fundamental,iniciais (1-5),,,,,,,
2023,PB,Paraíba,2507200,Itatuba,estadual,fundamental,iniciais (1-5),,,,,,,
2023,PB,Paraíba,2508406,Lastro,estadual,fundamental,iniciais (1-5),,,,,,,
2023,PB,Paraíba,2511905,Pitimbu,estadual,fundamental,iniciais (1-5),,,,,,,
2023,PB,Paraíba,2514305,São José de Caiana,estadual,fundamental,iniciais (1-5),,,,,,,
2023,PB,Paraíba,2515302,Sapé,estadual,fundamental,iniciais (1-5),,,,,,,
2023,PB,Paraíba,2502300,Bom Sucesso,estadual,fundamental,finais (6-9),,,,,,,
2023,PB,Paraíba,2513307,Santa Helena,estadual,fundamental,finais (6-9),,,,,,,